date,ticker,model,feature,importance
2021-12-31,SPY,RF,ret1m,0.08115639513587108
2021-12-31,SPY,RF,ret3m,0.11806653030374153
2021-12-31,SPY,RF,ret6m,0.1533504761077225
2021-12-31,SPY,RF,ret12m,0.08737796741429163
2021-12-31,SPY,RF,vol3m,0.07372597388159556
2021-12-31,SPY,RF,vol6m,0.05017272011883569
2021-12-31,SPY,RF,vol12m,0.1197711621476682
2021-12-31,SPY,RF,mkt_ret1m,0.07524931814402988
2021-12-31,SPY,RF,mkt_ret3m,0.12799948976146708
2021-12-31,SPY,RF,mkt_vol6m,0.052974452006353076
2021-12-31,SPY,RF,rel_strength3m,0.0
2021-12-31,SPY,RF,beta12m,0.0
2021-12-31,SPY,RF,corr12m,0.0
2021-12-31,SPY,RF,drawdown6m,0.06015551497842389
2021-12-31,SPY,GB,ret1m,0.06479294175320116
2021-12-31,SPY,GB,ret3m,0.08568374529142381
2021-12-31,SPY,GB,ret6m,0.20962458099596415
2021-12-31,SPY,GB,ret12m,0.07350935643579343
2021-12-31,SPY,GB,vol3m,0.09906183275881311
2021-12-31,SPY,GB,vol6m,0.0606791685315814
2021-12-31,SPY,GB,vol12m,0.10577520442911727
2021-12-31,SPY,GB,mkt_ret1m,0.07518703429694387
2021-12-31,SPY,GB,mkt_ret3m,0.14792607682628328
2021-12-31,SPY,GB,mkt_vol6m,0.03550291625653253
2021-12-31,SPY,GB,rel_strength3m,0.0
2021-12-31,SPY,GB,beta12m,0.0
2021-12-31,SPY,GB,corr12m,0.0
2021-12-31,SPY,GB,drawdown6m,0.042257142424346056
2022-12-31,SPY,RF,ret1m,0.07199607118652804
2022-12-31,SPY,RF,ret3m,0.15765325878896805
2022-12-31,SPY,RF,ret6m,0.17904168035680865
2022-12-31,SPY,RF,ret12m,0.10849236470354491
2022-12-31,SPY,RF,vol3m,0.033134019885496135
2022-12-31,SPY,RF,vol6m,0.02706728858135857
2022-12-31,SPY,RF,vol12m,0.11962213597851892
2022-12-31,SPY,RF,mkt_ret1m,0.07341857422403424
2022-12-31,SPY,RF,mkt_ret3m,0.159026404923944
2022-12-31,SPY,RF,mkt_vol6m,0.02363696123802369
2022-12-31,SPY,RF,rel_strength3m,0.0
2022-12-31,SPY,RF,beta12m,0.0
2022-12-31,SPY,RF,corr12m,0.0
2022-12-31,SPY,RF,drawdown6m,0.04691124013277478
2022-12-31,SPY,GB,ret1m,0.06077550289670487
2022-12-31,SPY,GB,ret3m,0.16763424065332813
2022-12-31,SPY,GB,ret6m,0.22358438763011035
2022-12-31,SPY,GB,ret12m,0.05059501040531653
2022-12-31,SPY,GB,vol3m,0.07896619465231088
2022-12-31,SPY,GB,vol6m,0.02304134837859337
2022-12-31,SPY,GB,vol12m,0.11891860068243974
2022-12-31,SPY,GB,mkt_ret1m,0.04079402928211478
2022-12-31,SPY,GB,mkt_ret3m,0.1821992095786797
2022-12-31,SPY,GB,mkt_vol6m,0.029991496264139786
2022-12-31,SPY,GB,rel_strength3m,0.0
2022-12-31,SPY,GB,beta12m,0.0
2022-12-31,SPY,GB,corr12m,0.0
2022-12-31,SPY,GB,drawdown6m,0.023499979576261966
2023-12-31,SPY,RF,ret1m,0.08028130390361803
2023-12-31,SPY,RF,ret3m,0.20071235880754196
2023-12-31,SPY,RF,ret6m,0.13809957952020985
2023-12-31,SPY,RF,ret12m,0.06644464157424396
2023-12-31,SPY,RF,vol3m,0.058016479437905916
2023-12-31,SPY,RF,vol6m,0.024423568755137272
2023-12-31,SPY,RF,vol12m,0.08471391673532758
2023-12-31,SPY,RF,mkt_ret1m,0.08027889281106439
2023-12-31,SPY,RF,mkt_ret3m,0.20517137553667025
2023-12-31,SPY,RF,mkt_vol6m,0.02493104269451607
2023-12-31,SPY,RF,rel_strength3m,0.0
2023-12-31,SPY,RF,beta12m,0.0
2023-12-31,SPY,RF,corr12m,0.0
2023-12-31,SPY,RF,drawdown6m,0.03692684022376462
2023-12-31,SPY,GB,ret1m,0.03573601229852193
2023-12-31,SPY,GB,ret3m,0.22361255892550527
2023-12-31,SPY,GB,ret6m,0.13896750160514015
2023-12-31,SPY,GB,ret12m,0.078076591085942
2023-12-31,SPY,GB,vol3m,0.07159126908724786
2023-12-31,SPY,GB,vol6m,0.029011539598413474
2023-12-31,SPY,GB,vol12m,0.10660405073634628
2023-12-31,SPY,GB,mkt_ret1m,0.049061965415499086
2023-12-31,SPY,GB,mkt_ret3m,0.1927375347579356
2023-12-31,SPY,GB,mkt_vol6m,0.03760453438111648
2023-12-31,SPY,GB,rel_strength3m,0.0
2023-12-31,SPY,GB,beta12m,0.0
2023-12-31,SPY,GB,corr12m,0.0
2023-12-31,SPY,GB,drawdown6m,0.03699644210833184
2024-12-31,SPY,RF,ret1m,0.07650505357986502
2024-12-31,SPY,RF,ret3m,0.21096350511953893
2024-12-31,SPY,RF,ret6m,0.14281841467864143
2024-12-31,SPY,RF,ret12m,0.061211028673978575
2024-12-31,SPY,RF,vol3m,0.0460898644821944
2024-12-31,SPY,RF,vol6m,0.02908060120181451
2024-12-31,SPY,RF,vol12m,0.08696463907189818
2024-12-31,SPY,RF,mkt_ret1m,0.08130257550085906
2024-12-31,SPY,RF,mkt_ret3m,0.20755440049084287
2024-12-31,SPY,RF,mkt_vol6m,0.03062526513481728
2024-12-31,SPY,RF,rel_strength3m,0.0
2024-12-31,SPY,RF,beta12m,0.0
2024-12-31,SPY,RF,corr12m,0.0
2024-12-31,SPY,RF,drawdown6m,0.026884652065549575
2024-12-31,SPY,GB,ret1m,0.023869419525606696
2024-12-31,SPY,GB,ret3m,0.2281395647690776
2024-12-31,SPY,GB,ret6m,0.1617898852380254
2024-12-31,SPY,GB,ret12m,0.06554808508929393
2024-12-31,SPY,GB,vol3m,0.07712999733719074
2024-12-31,SPY,GB,vol6m,0.03791740611775319
2024-12-31,SPY,GB,vol12m,0.09089967801455133
2024-12-31,SPY,GB,mkt_ret1m,0.04115707907819538
2024-12-31,SPY,GB,mkt_ret3m,0.20302433418982102
2024-12-31,SPY,GB,mkt_vol6m,0.04497446295279286
2024-12-31,SPY,GB,rel_strength3m,0.0
2024-12-31,SPY,GB,beta12m,0.0
2024-12-31,SPY,GB,corr12m,0.0
2024-12-31,SPY,GB,drawdown6m,0.025550087687691934
2025-12-31,SPY,RF,ret1m,0.06411647698868712
2025-12-31,SPY,RF,ret3m,0.22237025444455866
2025-12-31,SPY,RF,ret6m,0.14162359698938545
2025-12-31,SPY,RF,ret12m,0.055362536769627164
2025-12-31,SPY,RF,vol3m,0.054174765851155014
2025-12-31,SPY,RF,vol6m,0.027708092994803143
2025-12-31,SPY,RF,vol12m,0.06995633834907072
2025-12-31,SPY,RF,mkt_ret1m,0.0716228885447682
2025-12-31,SPY,RF,mkt_ret3m,0.22764854127806974
2025-12-31,SPY,RF,mkt_vol6m,0.0358088921466861
2025-12-31,SPY,RF,rel_strength3m,0.0
2025-12-31,SPY,RF,beta12m,0.0
2025-12-31,SPY,RF,corr12m,0.0
2025-12-31,SPY,RF,drawdown6m,0.029607615643188603
2025-12-31,SPY,GB,ret1m,0.0347884690611768
2025-12-31,SPY,GB,ret3m,0.2232071731658474
2025-12-31,SPY,GB,ret6m,0.11837984931757718
2025-12-31,SPY,GB,ret12m,0.05988220909629193
2025-12-31,SPY,GB,vol3m,0.11348268930718883
2025-12-31,SPY,GB,vol6m,0.03427684164889939
2025-12-31,SPY,GB,vol12m,0.04447735684966947
2025-12-31,SPY,GB,mkt_ret1m,0.04494400723757062
2025-12-31,SPY,GB,mkt_ret3m,0.22388139384225827
2025-12-31,SPY,GB,mkt_vol6m,0.06584247277510998
2025-12-31,SPY,GB,rel_strength3m,0.0
2025-12-31,SPY,GB,beta12m,0.0
2025-12-31,SPY,GB,corr12m,0.0
2025-12-31,SPY,GB,drawdown6m,0.036837537698410215
2021-12-31,XLB,RF,ret1m,0.04179511855106966
2021-12-31,XLB,RF,ret3m,0.03301680782434458
2021-12-31,XLB,RF,ret6m,0.019753642291576903
2021-12-31,XLB,RF,ret12m,0.07803071462631153
2021-12-31,XLB,RF,vol3m,0.025471920242197035
2021-12-31,XLB,RF,vol6m,0.12618679422965692
2021-12-31,XLB,RF,vol12m,0.04043928476804864
2021-12-31,XLB,RF,mkt_ret1m,0.06934539647142725
2021-12-31,XLB,RF,mkt_ret3m,0.15384777695256635
2021-12-31,XLB,RF,mkt_vol6m,0.07298625113732565
2021-12-31,XLB,RF,rel_strength3m,0.19877351255853085
2021-12-31,XLB,RF,beta12m,0.02363877034892209
2021-12-31,XLB,RF,corr12m,0.10333979509619762
2021-12-31,XLB,RF,drawdown6m,0.013374214901824966
2021-12-31,XLB,GB,ret1m,0.024683517914206535
2021-12-31,XLB,GB,ret3m,0.055274696477374166
2021-12-31,XLB,GB,ret6m,0.006202646945414911
2021-12-31,XLB,GB,ret12m,0.09971068558929508
2021-12-31,XLB,GB,vol3m,0.015883772988288025
2021-12-31,XLB,GB,vol6m,0.1757367149206587
2021-12-31,XLB,GB,vol12m,0.03819492546822157
2021-12-31,XLB,GB,mkt_ret1m,0.06279834320915073
2021-12-31,XLB,GB,mkt_ret3m,0.14668815610026445
2021-12-31,XLB,GB,mkt_vol6m,0.03203143421833981
2021-12-31,XLB,GB,rel_strength3m,0.15551829309102894
2021-12-31,XLB,GB,beta12m,0.035546983288596234
2021-12-31,XLB,GB,corr12m,0.13970581535062584
2021-12-31,XLB,GB,drawdown6m,0.012024014438535152
2022-12-31,XLB,RF,ret1m,0.05374810843180223
2022-12-31,XLB,RF,ret3m,0.03281895879803399
2022-12-31,XLB,RF,ret6m,0.06438389466552057
2022-12-31,XLB,RF,ret12m,0.11051093521437153
2022-12-31,XLB,RF,vol3m,0.012595133260321493
2022-12-31,XLB,RF,vol6m,0.034548898106303745
2022-12-31,XLB,RF,vol12m,0.07753652027920384
2022-12-31,XLB,RF,mkt_ret1m,0.04645071736801233
2022-12-31,XLB,RF,mkt_ret3m,0.1357715091631297
2022-12-31,XLB,RF,mkt_vol6m,0.035095435880446044
2022-12-31,XLB,RF,rel_strength3m,0.2636572978678268
2022-12-31,XLB,RF,beta12m,0.022744482988046724
2022-12-31,XLB,RF,corr12m,0.06864391087381656
2022-12-31,XLB,RF,drawdown6m,0.041494197103164356
2022-12-31,XLB,GB,ret1m,0.037518056225306344
2022-12-31,XLB,GB,ret3m,0.013399823078810423
2022-12-31,XLB,GB,ret6m,0.12741697807060506
2022-12-31,XLB,GB,ret12m,0.09305648739740545
2022-12-31,XLB,GB,vol3m,0.04249718211102248
2022-12-31,XLB,GB,vol6m,0.033863657762582544
2022-12-31,XLB,GB,vol12m,0.05473663505708765
2022-12-31,XLB,GB,mkt_ret1m,0.04108717180741592
2022-12-31,XLB,GB,mkt_ret3m,0.1753319673014866
2022-12-31,XLB,GB,mkt_vol6m,0.015497395237807672
2022-12-31,XLB,GB,rel_strength3m,0.21874168625772428
2022-12-31,XLB,GB,beta12m,0.022299881694892696
2022-12-31,XLB,GB,corr12m,0.10370483430423864
2022-12-31,XLB,GB,drawdown6m,0.02084824369361438
2023-12-31,XLB,RF,ret1m,0.0691999983979798
2023-12-31,XLB,RF,ret3m,0.028672327887798495
2023-12-31,XLB,RF,ret6m,0.09846059909530908
2023-12-31,XLB,RF,ret12m,0.19568772298828063
2023-12-31,XLB,RF,vol3m,0.017372964723196153
2023-12-31,XLB,RF,vol6m,0.024389299895532436
2023-12-31,XLB,RF,vol12m,0.02866584907955145
2023-12-31,XLB,RF,mkt_ret1m,0.03950732659382559
2023-12-31,XLB,RF,mkt_ret3m,0.09757745603396827
2023-12-31,XLB,RF,mkt_vol6m,0.023210748346596647
2023-12-31,XLB,RF,rel_strength3m,0.26725776985513033
2023-12-31,XLB,RF,beta12m,0.01805814328085668
2023-12-31,XLB,RF,corr12m,0.07967449832247624
2023-12-31,XLB,RF,drawdown6m,0.012265295499498303
2023-12-31,XLB,GB,ret1m,0.047510866165881106
2023-12-31,XLB,GB,ret3m,0.011679434255340383
2023-12-31,XLB,GB,ret6m,0.13143050533012335
2023-12-31,XLB,GB,ret12m,0.1142338026052275
2023-12-31,XLB,GB,vol3m,0.055871146071714596
2023-12-31,XLB,GB,vol6m,0.0398506174065039
2023-12-31,XLB,GB,vol12m,0.04618040915584644
2023-12-31,XLB,GB,mkt_ret1m,0.01513548136539275
2023-12-31,XLB,GB,mkt_ret3m,0.20311279068844157
2023-12-31,XLB,GB,mkt_vol6m,0.009425664625220017
2023-12-31,XLB,GB,rel_strength3m,0.18583497540195187
2023-12-31,XLB,GB,beta12m,0.019414705272472754
2023-12-31,XLB,GB,corr12m,0.11217317917329797
2023-12-31,XLB,GB,drawdown6m,0.008146422482585819
2024-12-31,XLB,RF,ret1m,0.06985054571348139
2024-12-31,XLB,RF,ret3m,0.03867197935960837
2024-12-31,XLB,RF,ret6m,0.1179757331251439
2024-12-31,XLB,RF,ret12m,0.1882668954609779
2024-12-31,XLB,RF,vol3m,0.019661559604122667
2024-12-31,XLB,RF,vol6m,0.024847568986311602
2024-12-31,XLB,RF,vol12m,0.027197698214310284
2024-12-31,XLB,RF,mkt_ret1m,0.04519188599068996
2024-12-31,XLB,RF,mkt_ret3m,0.102827747009228
2024-12-31,XLB,RF,mkt_vol6m,0.026137154208576152
2024-12-31,XLB,RF,rel_strength3m,0.21831754207018467
2024-12-31,XLB,RF,beta12m,0.026756077995398607
2024-12-31,XLB,RF,corr12m,0.08451614007820347
2024-12-31,XLB,RF,drawdown6m,0.009781472183763082
2024-12-31,XLB,GB,ret1m,0.05282609724100089
2024-12-31,XLB,GB,ret3m,0.006134487835821374
2024-12-31,XLB,GB,ret6m,0.0987209034198689
2024-12-31,XLB,GB,ret12m,0.1175057943583001
2024-12-31,XLB,GB,vol3m,0.06561804246365466
2024-12-31,XLB,GB,vol6m,0.015947552498143485
2024-12-31,XLB,GB,vol12m,0.045153204705501146
2024-12-31,XLB,GB,mkt_ret1m,0.0547146804697174
2024-12-31,XLB,GB,mkt_ret3m,0.16864846870196545
2024-12-31,XLB,GB,mkt_vol6m,0.0342256995980394
2024-12-31,XLB,GB,rel_strength3m,0.1767799175520506
2024-12-31,XLB,GB,beta12m,0.02762654310785737
2024-12-31,XLB,GB,corr12m,0.1173616955125585
2024-12-31,XLB,GB,drawdown6m,0.01873691253552069
2025-12-31,XLB,RF,ret1m,0.08966572781263893
2025-12-31,XLB,RF,ret3m,0.04158981692138846
2025-12-31,XLB,RF,ret6m,0.07009401115860907
2025-12-31,XLB,RF,ret12m,0.21013676303503784
2025-12-31,XLB,RF,vol3m,0.02546053856206344
2025-12-31,XLB,RF,vol6m,0.028352164340317468
2025-12-31,XLB,RF,vol12m,0.030767703732042764
2025-12-31,XLB,RF,mkt_ret1m,0.04788580220002563
2025-12-31,XLB,RF,mkt_ret3m,0.1328651977456777
2025-12-31,XLB,RF,mkt_vol6m,0.0378715753177742
2025-12-31,XLB,RF,rel_strength3m,0.12439716921819481
2025-12-31,XLB,RF,beta12m,0.029447704080877213
2025-12-31,XLB,RF,corr12m,0.11992436436237314
2025-12-31,XLB,RF,drawdown6m,0.011541461512979537
2025-12-31,XLB,GB,ret1m,0.05872425401776439
2025-12-31,XLB,GB,ret3m,0.030919678386033534
2025-12-31,XLB,GB,ret6m,0.03113651117023202
2025-12-31,XLB,GB,ret12m,0.13097613976085842
2025-12-31,XLB,GB,vol3m,0.08856872126112206
2025-12-31,XLB,GB,vol6m,0.022316764718224615
2025-12-31,XLB,GB,vol12m,0.04378421542981763
2025-12-31,XLB,GB,mkt_ret1m,0.04711333174411252
2025-12-31,XLB,GB,mkt_ret3m,0.2760191023745585
2025-12-31,XLB,GB,mkt_vol6m,0.041074597617476116
2025-12-31,XLB,GB,rel_strength3m,0.1063549981854757
2025-12-31,XLB,GB,beta12m,0.014207437506074238
2025-12-31,XLB,GB,corr12m,0.10185454009216235
2025-12-31,XLB,GB,drawdown6m,0.006949707736088038
2021-12-31,XLE,RF,ret1m,0.08555674428441405
2021-12-31,XLE,RF,ret3m,0.05256365526250135
2021-12-31,XLE,RF,ret6m,0.057333808890915765
2021-12-31,XLE,RF,ret12m,0.19222186374006128
2021-12-31,XLE,RF,vol3m,0.05805711437155607
2021-12-31,XLE,RF,vol6m,0.02187813470978823
2021-12-31,XLE,RF,vol12m,0.04151877390024209
2021-12-31,XLE,RF,mkt_ret1m,0.18567831161953907
2021-12-31,XLE,RF,mkt_ret3m,0.07437089608917646
2021-12-31,XLE,RF,mkt_vol6m,0.01863752992858307
2021-12-31,XLE,RF,rel_strength3m,0.13294877730105722
2021-12-31,XLE,RF,beta12m,0.03010673119627881
2021-12-31,XLE,RF,corr12m,0.027048952264843714
2021-12-31,XLE,RF,drawdown6m,0.022078706441042772
2021-12-31,XLE,GB,ret1m,0.16806678344337195
2021-12-31,XLE,GB,ret3m,0.05452137773319376
2021-12-31,XLE,GB,ret6m,0.027977334349954575
2021-12-31,XLE,GB,ret12m,0.2915064964908314
2021-12-31,XLE,GB,vol3m,0.024922791869461395
2021-12-31,XLE,GB,vol6m,0.025070215493951435
2021-12-31,XLE,GB,vol12m,0.06925230128676967
2021-12-31,XLE,GB,mkt_ret1m,0.09604385749324146
2021-12-31,XLE,GB,mkt_ret3m,0.06710437973128297
2021-12-31,XLE,GB,mkt_vol6m,0.029859115346767533
2021-12-31,XLE,GB,rel_strength3m,0.0625530731240115
2021-12-31,XLE,GB,beta12m,0.03663240834326356
2021-12-31,XLE,GB,corr12m,0.025150720887113977
2021-12-31,XLE,GB,drawdown6m,0.021339144406784763
2022-12-31,XLE,RF,ret1m,0.054506601284213176
2022-12-31,XLE,RF,ret3m,0.053667449190948215
2022-12-31,XLE,RF,ret6m,0.037446340602701335
2022-12-31,XLE,RF,ret12m,0.13974470155943708
2022-12-31,XLE,RF,vol3m,0.05056728827846647
2022-12-31,XLE,RF,vol6m,0.013662574505183633
2022-12-31,XLE,RF,vol12m,0.04885092432611813
2022-12-31,XLE,RF,mkt_ret1m,0.3072141796742679
2022-12-31,XLE,RF,mkt_ret3m,0.06658699542958495
2022-12-31,XLE,RF,mkt_vol6m,0.022605009368014985
2022-12-31,XLE,RF,rel_strength3m,0.10957223357058124
2022-12-31,XLE,RF,beta12m,0.02848838892768298
2022-12-31,XLE,RF,corr12m,0.027483950014794208
2022-12-31,XLE,RF,drawdown6m,0.039603363268005565
2022-12-31,XLE,GB,ret1m,0.062297620685756575
2022-12-31,XLE,GB,ret3m,0.06329143825717243
2022-12-31,XLE,GB,ret6m,0.010899737870376023
2022-12-31,XLE,GB,ret12m,0.19632096438946647
2022-12-31,XLE,GB,vol3m,0.043235294318903605
2022-12-31,XLE,GB,vol6m,0.017110768497353414
2022-12-31,XLE,GB,vol12m,0.06104709127214809
2022-12-31,XLE,GB,mkt_ret1m,0.28295780704733103
2022-12-31,XLE,GB,mkt_ret3m,0.07062343953815406
2022-12-31,XLE,GB,mkt_vol6m,0.02481183132606092
2022-12-31,XLE,GB,rel_strength3m,0.06899890501682465
2022-12-31,XLE,GB,beta12m,0.015845070547607996
2022-12-31,XLE,GB,corr12m,0.027696303390486905
2022-12-31,XLE,GB,drawdown6m,0.054863727842357844
2023-12-31,XLE,RF,ret1m,0.0707175502789004
2023-12-31,XLE,RF,ret3m,0.0479307640634604
2023-12-31,XLE,RF,ret6m,0.04332596495542855
2023-12-31,XLE,RF,ret12m,0.1434987263318235
2023-12-31,XLE,RF,vol3m,0.06222599329848437
2023-12-31,XLE,RF,vol6m,0.021373298820981494
2023-12-31,XLE,RF,vol12m,0.030535063466341186
2023-12-31,XLE,RF,mkt_ret1m,0.2893336217191152
2023-12-31,XLE,RF,mkt_ret3m,0.0622487836220529
2023-12-31,XLE,RF,mkt_vol6m,0.02307271881018895
2023-12-31,XLE,RF,rel_strength3m,0.11292866743068562
2023-12-31,XLE,RF,beta12m,0.026572941421791743
2023-12-31,XLE,RF,corr12m,0.02323551768131477
2023-12-31,XLE,RF,drawdown6m,0.04300038809943095
2023-12-31,XLE,GB,ret1m,0.12004630188019033
2023-12-31,XLE,GB,ret3m,0.06660141988127764
2023-12-31,XLE,GB,ret6m,0.013709574543699338
2023-12-31,XLE,GB,ret12m,0.19651538662305323
2023-12-31,XLE,GB,vol3m,0.039394439808955475
2023-12-31,XLE,GB,vol6m,0.015159485360414204
2023-12-31,XLE,GB,vol12m,0.035545443346139606
2023-12-31,XLE,GB,mkt_ret1m,0.2219020739310972
2023-12-31,XLE,GB,mkt_ret3m,0.08514749495902829
2023-12-31,XLE,GB,mkt_vol6m,0.030249985132493246
2023-12-31,XLE,GB,rel_strength3m,0.06016611445516824
2023-12-31,XLE,GB,beta12m,0.029753087107945084
2023-12-31,XLE,GB,corr12m,0.034395778714087326
2023-12-31,XLE,GB,drawdown6m,0.051413414256450844
2024-12-31,XLE,RF,ret1m,0.08177028398221362
2024-12-31,XLE,RF,ret3m,0.06910185889669859
2024-12-31,XLE,RF,ret6m,0.05393384363634066
2024-12-31,XLE,RF,ret12m,0.15340881354910155
2024-12-31,XLE,RF,vol3m,0.0433428192743114
2024-12-31,XLE,RF,vol6m,0.021522669807377905
2024-12-31,XLE,RF,vol12m,0.029580327713774755
2024-12-31,XLE,RF,mkt_ret1m,0.29486086999491257
2024-12-31,XLE,RF,mkt_ret3m,0.0650390846767278
2024-12-31,XLE,RF,mkt_vol6m,0.01894625777452458
2024-12-31,XLE,RF,rel_strength3m,0.06427740773994482
2024-12-31,XLE,RF,beta12m,0.03760522687854448
2024-12-31,XLE,RF,corr12m,0.030152629145307343
2024-12-31,XLE,RF,drawdown6m,0.03645790693021995
2024-12-31,XLE,GB,ret1m,0.12097593464241169
2024-12-31,XLE,GB,ret3m,0.05207486735585113
2024-12-31,XLE,GB,ret6m,0.0179684588440638
2024-12-31,XLE,GB,ret12m,0.16046859132195268
2024-12-31,XLE,GB,vol3m,0.04743180981825216
2024-12-31,XLE,GB,vol6m,0.03488611241803711
2024-12-31,XLE,GB,vol12m,0.027686597177785408
2024-12-31,XLE,GB,mkt_ret1m,0.22114018999739335
2024-12-31,XLE,GB,mkt_ret3m,0.09337346398385883
2024-12-31,XLE,GB,mkt_vol6m,0.039495298376020276
2024-12-31,XLE,GB,rel_strength3m,0.027156136047019334
2024-12-31,XLE,GB,beta12m,0.023560396991631302
2024-12-31,XLE,GB,corr12m,0.026473542195859744
2024-12-31,XLE,GB,drawdown6m,0.10730860082986328
2025-12-31,XLE,RF,ret1m,0.06657608825047921
2025-12-31,XLE,RF,ret3m,0.06735368522775137
2025-12-31,XLE,RF,ret6m,0.05800016959067487
2025-12-31,XLE,RF,ret12m,0.1612045623273881
2025-12-31,XLE,RF,vol3m,0.056944413534124425
2025-12-31,XLE,RF,vol6m,0.02028773165585617
2025-12-31,XLE,RF,vol12m,0.03393716673368136
2025-12-31,XLE,RF,mkt_ret1m,0.29217918286152
2025-12-31,XLE,RF,mkt_ret3m,0.07120103283433743
2025-12-31,XLE,RF,mkt_vol6m,0.022136333079577467
2025-12-31,XLE,RF,rel_strength3m,0.0449207429989823
2025-12-31,XLE,RF,beta12m,0.03720312789753263
2025-12-31,XLE,RF,corr12m,0.03579278678702236
2025-12-31,XLE,RF,drawdown6m,0.03226297622107228
2025-12-31,XLE,GB,ret1m,0.11835973860308181
2025-12-31,XLE,GB,ret3m,0.07792526044330637
2025-12-31,XLE,GB,ret6m,0.019886291989521212
2025-12-31,XLE,GB,ret12m,0.17967450411353647
2025-12-31,XLE,GB,vol3m,0.06207799977299771
2025-12-31,XLE,GB,vol6m,0.04547670251693783
2025-12-31,XLE,GB,vol12m,0.020735495700406902
2025-12-31,XLE,GB,mkt_ret1m,0.17630842733314492
2025-12-31,XLE,GB,mkt_ret3m,0.12687961697156522
2025-12-31,XLE,GB,mkt_vol6m,0.029683265015012072
2025-12-31,XLE,GB,rel_strength3m,0.02990006903601297
2025-12-31,XLE,GB,beta12m,0.032185021342994787
2025-12-31,XLE,GB,corr12m,0.042810625791282274
2025-12-31,XLE,GB,drawdown6m,0.03809698137019945
2021-12-31,XLF,RF,ret1m,0.10950795275628586
2021-12-31,XLF,RF,ret3m,0.03533173597944543
2021-12-31,XLF,RF,ret6m,0.023556859450394766
2021-12-31,XLF,RF,ret12m,0.1503742016555285
2021-12-31,XLF,RF,vol3m,0.03657228796251701
2021-12-31,XLF,RF,vol6m,0.06726234487737237
2021-12-31,XLF,RF,vol12m,0.05648592918853216
2021-12-31,XLF,RF,mkt_ret1m,0.10956580471188594
2021-12-31,XLF,RF,mkt_ret3m,0.16342514948923723
2021-12-31,XLF,RF,mkt_vol6m,0.046998656017865285
2021-12-31,XLF,RF,rel_strength3m,0.06992059221171262
2021-12-31,XLF,RF,beta12m,0.06233571600884944
2021-12-31,XLF,RF,corr12m,0.03174080724710912
2021-12-31,XLF,RF,drawdown6m,0.0369219624432642
2021-12-31,XLF,GB,ret1m,0.13729656746256294
2021-12-31,XLF,GB,ret3m,0.04854087021150839
2021-12-31,XLF,GB,ret6m,0.057248166756825855
2021-12-31,XLF,GB,ret12m,0.16243860918709993
2021-12-31,XLF,GB,vol3m,0.022912328699618723
2021-12-31,XLF,GB,vol6m,0.037802092352635694
2021-12-31,XLF,GB,vol12m,0.05832598347514959
2021-12-31,XLF,GB,mkt_ret1m,0.08204099105883092
2021-12-31,XLF,GB,mkt_ret3m,0.17493074986542614
2021-12-31,XLF,GB,mkt_vol6m,0.054158873926524666
2021-12-31,XLF,GB,rel_strength3m,0.09355074697782882
2021-12-31,XLF,GB,beta12m,0.0418323757695384
2021-12-31,XLF,GB,corr12m,0.0178293073149375
2021-12-31,XLF,GB,drawdown6m,0.01109233694151261
2022-12-31,XLF,RF,ret1m,0.07858899281720898
2022-12-31,XLF,RF,ret3m,0.036675976541658925
2022-12-31,XLF,RF,ret6m,0.02528131011359954
2022-12-31,XLF,RF,ret12m,0.20410019761276438
2022-12-31,XLF,RF,vol3m,0.023867965087759273
2022-12-31,XLF,RF,vol6m,0.05243969934096796
2022-12-31,XLF,RF,vol12m,0.03044902273833289
2022-12-31,XLF,RF,mkt_ret1m,0.06604512273490498
2022-12-31,XLF,RF,mkt_ret3m,0.19617383781028547
2022-12-31,XLF,RF,mkt_vol6m,0.03241194806509892
2022-12-31,XLF,RF,rel_strength3m,0.057873921031979914
2022-12-31,XLF,RF,beta12m,0.12291217430106234
2022-12-31,XLF,RF,corr12m,0.0303536349890053
2022-12-31,XLF,RF,drawdown6m,0.04282619681537103
2022-12-31,XLF,GB,ret1m,0.105605069621846
2022-12-31,XLF,GB,ret3m,0.03319861191440907
2022-12-31,XLF,GB,ret6m,0.01622398756854231
2022-12-31,XLF,GB,ret12m,0.17843403895270396
2022-12-31,XLF,GB,vol3m,0.02076997885203531
2022-12-31,XLF,GB,vol6m,0.016851153425655952
2022-12-31,XLF,GB,vol12m,0.057995023648212324
2022-12-31,XLF,GB,mkt_ret1m,0.078920598640247
2022-12-31,XLF,GB,mkt_ret3m,0.23164945165947512
2022-12-31,XLF,GB,mkt_vol6m,0.03880445382549187
2022-12-31,XLF,GB,rel_strength3m,0.08205453705240252
2022-12-31,XLF,GB,beta12m,0.09612709691845826
2022-12-31,XLF,GB,corr12m,0.03861426092125336
2022-12-31,XLF,GB,drawdown6m,0.00475173699926703
2023-12-31,XLF,RF,ret1m,0.08507980364794501
2023-12-31,XLF,RF,ret3m,0.03895399094442355
2023-12-31,XLF,RF,ret6m,0.021530140817282287
2023-12-31,XLF,RF,ret12m,0.21050400733163102
2023-12-31,XLF,RF,vol3m,0.05634013463463055
2023-12-31,XLF,RF,vol6m,0.042146631736840065
2023-12-31,XLF,RF,vol12m,0.026135168042763793
2023-12-31,XLF,RF,mkt_ret1m,0.08012319730375785
2023-12-31,XLF,RF,mkt_ret3m,0.218321901087254
2023-12-31,XLF,RF,mkt_vol6m,0.03303568855063929
2023-12-31,XLF,RF,rel_strength3m,0.06215392329936109
2023-12-31,XLF,RF,beta12m,0.08248730230661172
2023-12-31,XLF,RF,corr12m,0.02017194495893598
2023-12-31,XLF,RF,drawdown6m,0.023016165337923826
2023-12-31,XLF,GB,ret1m,0.1597448828412689
2023-12-31,XLF,GB,ret3m,0.027449487064037426
2023-12-31,XLF,GB,ret6m,0.007919924810644522
2023-12-31,XLF,GB,ret12m,0.18235770974687798
2023-12-31,XLF,GB,vol3m,0.08593464387384597
2023-12-31,XLF,GB,vol6m,0.025101582073186548
2023-12-31,XLF,GB,vol12m,0.05127541962603129
2023-12-31,XLF,GB,mkt_ret1m,0.06249911269092153
2023-12-31,XLF,GB,mkt_ret3m,0.15383635567645265
2023-12-31,XLF,GB,mkt_vol6m,0.05299003557797097
2023-12-31,XLF,GB,rel_strength3m,0.06135302626977515
2023-12-31,XLF,GB,beta12m,0.1040551238448293
2023-12-31,XLF,GB,corr12m,0.022765924931365762
2023-12-31,XLF,GB,drawdown6m,0.002716770972792004
2024-12-31,XLF,RF,ret1m,0.08852157471035317
2024-12-31,XLF,RF,ret3m,0.03842754624461601
2024-12-31,XLF,RF,ret6m,0.021231020961079053
2024-12-31,XLF,RF,ret12m,0.17422924909639476
2024-12-31,XLF,RF,vol3m,0.05456841008523098
2024-12-31,XLF,RF,vol6m,0.07150762925717026
2024-12-31,XLF,RF,vol12m,0.030811849176585478
2024-12-31,XLF,RF,mkt_ret1m,0.07639660557684524
2024-12-31,XLF,RF,mkt_ret3m,0.22987209240097684
2024-12-31,XLF,RF,mkt_vol6m,0.03398484289692425
2024-12-31,XLF,RF,rel_strength3m,0.059060715086446836
2024-12-31,XLF,RF,beta12m,0.08131392987441564
2024-12-31,XLF,RF,corr12m,0.022524404351880724
2024-12-31,XLF,RF,drawdown6m,0.017550130281080552
2024-12-31,XLF,GB,ret1m,0.17828696707051087
2024-12-31,XLF,GB,ret3m,0.02169455498043951
2024-12-31,XLF,GB,ret6m,0.014592013558524968
2024-12-31,XLF,GB,ret12m,0.15876801438869143
2024-12-31,XLF,GB,vol3m,0.08348752537457402
2024-12-31,XLF,GB,vol6m,0.0531115274810114
2024-12-31,XLF,GB,vol12m,0.035296060639111365
2024-12-31,XLF,GB,mkt_ret1m,0.051757993873007786
2024-12-31,XLF,GB,mkt_ret3m,0.17984846864619017
2024-12-31,XLF,GB,mkt_vol6m,0.04676196092161329
2024-12-31,XLF,GB,rel_strength3m,0.05544953013906645
2024-12-31,XLF,GB,beta12m,0.10261752842400959
2024-12-31,XLF,GB,corr12m,0.015185674998701095
2024-12-31,XLF,GB,drawdown6m,0.003142179504548116
2025-12-31,XLF,RF,ret1m,0.10344850028550862
2025-12-31,XLF,RF,ret3m,0.04582188199588373
2025-12-31,XLF,RF,ret6m,0.01750540561229408
2025-12-31,XLF,RF,ret12m,0.1878973520922365
2025-12-31,XLF,RF,vol3m,0.06173537248607811
2025-12-31,XLF,RF,vol6m,0.04718065611311084
2025-12-31,XLF,RF,vol12m,0.03527641014584375
2025-12-31,XLF,RF,mkt_ret1m,0.08703069745200885
2025-12-31,XLF,RF,mkt_ret3m,0.1917010195013825
2025-12-31,XLF,RF,mkt_vol6m,0.03897643954207727
2025-12-31,XLF,RF,rel_strength3m,0.04176144905679493
2025-12-31,XLF,RF,beta12m,0.09221715768812529
2025-12-31,XLF,RF,corr12m,0.026214500961124796
2025-12-31,XLF,RF,drawdown6m,0.02323315706753079
2025-12-31,XLF,GB,ret1m,0.18766968046111132
2025-12-31,XLF,GB,ret3m,0.012347999060939455
2025-12-31,XLF,GB,ret6m,0.015549381086541211
2025-12-31,XLF,GB,ret12m,0.15025581542458172
2025-12-31,XLF,GB,vol3m,0.07984099713223299
2025-12-31,XLF,GB,vol6m,0.06638383918541135
2025-12-31,XLF,GB,vol12m,0.03387436230823226
2025-12-31,XLF,GB,mkt_ret1m,0.04699196996964841
2025-12-31,XLF,GB,mkt_ret3m,0.1962732984603591
2025-12-31,XLF,GB,mkt_vol6m,0.07063952984994282
2025-12-31,XLF,GB,rel_strength3m,0.04226132055350605
2025-12-31,XLF,GB,beta12m,0.07706810184671693
2025-12-31,XLF,GB,corr12m,0.016857440543084728
2025-12-31,XLF,GB,drawdown6m,0.003986264117691655
2021-12-31,XLI,RF,ret1m,0.08555187092915097
2021-12-31,XLI,RF,ret3m,0.05782700490841504
2021-12-31,XLI,RF,ret6m,0.09165897322396396
2021-12-31,XLI,RF,ret12m,0.20625426816670805
2021-12-31,XLI,RF,vol3m,0.02964437257501623
2021-12-31,XLI,RF,vol6m,0.04230864033209608
2021-12-31,XLI,RF,vol12m,0.05672807264760875
2021-12-31,XLI,RF,mkt_ret1m,0.08675003890898114
2021-12-31,XLI,RF,mkt_ret3m,0.09413705672533633
2021-12-31,XLI,RF,mkt_vol6m,0.054149375982472915
2021-12-31,XLI,RF,rel_strength3m,0.08704605771666575
2021-12-31,XLI,RF,beta12m,0.02030118963055701
2021-12-31,XLI,RF,corr12m,0.04051364029134119
2021-12-31,XLI,RF,drawdown6m,0.04712943796168651
2021-12-31,XLI,GB,ret1m,0.10702850905303446
2021-12-31,XLI,GB,ret3m,0.08099498638223795
2021-12-31,XLI,GB,ret6m,0.05029400489949256
2021-12-31,XLI,GB,ret12m,0.30382208428192403
2021-12-31,XLI,GB,vol3m,0.03922298637814723
2021-12-31,XLI,GB,vol6m,0.018804897182850527
2021-12-31,XLI,GB,vol12m,0.044626317610012664
2021-12-31,XLI,GB,mkt_ret1m,0.03180202266683017
2021-12-31,XLI,GB,mkt_ret3m,0.059707552376025534
2021-12-31,XLI,GB,mkt_vol6m,0.0878385225523503
2021-12-31,XLI,GB,rel_strength3m,0.07222443070531316
2021-12-31,XLI,GB,beta12m,0.019926425738193455
2021-12-31,XLI,GB,corr12m,0.06122670525294143
2021-12-31,XLI,GB,drawdown6m,0.02248055492064654
2022-12-31,XLI,RF,ret1m,0.08340166319080759
2022-12-31,XLI,RF,ret3m,0.046405467047562994
2022-12-31,XLI,RF,ret6m,0.09308001406946259
2022-12-31,XLI,RF,ret12m,0.14175157976691868
2022-12-31,XLI,RF,vol3m,0.039564427004394866
2022-12-31,XLI,RF,vol6m,0.0814090141950449
2022-12-31,XLI,RF,vol12m,0.07762968535965235
2022-12-31,XLI,RF,mkt_ret1m,0.05343296912388746
2022-12-31,XLI,RF,mkt_ret3m,0.11858041266945676
2022-12-31,XLI,RF,mkt_vol6m,0.02440451854101488
2022-12-31,XLI,RF,rel_strength3m,0.07706575558420575
2022-12-31,XLI,RF,beta12m,0.07027852626565634
2022-12-31,XLI,RF,corr12m,0.038144754084318375
2022-12-31,XLI,RF,drawdown6m,0.054851213097616425
2022-12-31,XLI,GB,ret1m,0.0873034723320786
2022-12-31,XLI,GB,ret3m,0.08835333052801718
2022-12-31,XLI,GB,ret6m,0.0627615148288136
2022-12-31,XLI,GB,ret12m,0.13283944948712562
2022-12-31,XLI,GB,vol3m,0.10266213794800494
2022-12-31,XLI,GB,vol6m,0.10214576326607273
2022-12-31,XLI,GB,vol12m,0.06805591462526524
2022-12-31,XLI,GB,mkt_ret1m,0.02402901806510874
2022-12-31,XLI,GB,mkt_ret3m,0.05047097664859554
2022-12-31,XLI,GB,mkt_vol6m,0.04235367415590432
2022-12-31,XLI,GB,rel_strength3m,0.04747632028662117
2022-12-31,XLI,GB,beta12m,0.09585850024353744
2022-12-31,XLI,GB,corr12m,0.07567233612970134
2022-12-31,XLI,GB,drawdown6m,0.02001759145515357
2023-12-31,XLI,RF,ret1m,0.10287116656060767
2023-12-31,XLI,RF,ret3m,0.06958491485835334
2023-12-31,XLI,RF,ret6m,0.13329521159846922
2023-12-31,XLI,RF,ret12m,0.1267044373993855
2023-12-31,XLI,RF,vol3m,0.027586021024283484
2023-12-31,XLI,RF,vol6m,0.046225600138805605
2023-12-31,XLI,RF,vol12m,0.0607154857384308
2023-12-31,XLI,RF,mkt_ret1m,0.045021875548928184
2023-12-31,XLI,RF,mkt_ret3m,0.1492440809303035
2023-12-31,XLI,RF,mkt_vol6m,0.02094776078555476
2023-12-31,XLI,RF,rel_strength3m,0.080693053181215
2023-12-31,XLI,RF,beta12m,0.06790304362518791
2023-12-31,XLI,RF,corr12m,0.03409634036945499
2023-12-31,XLI,RF,drawdown6m,0.03511100824102003
2023-12-31,XLI,GB,ret1m,0.06824488111475105
2023-12-31,XLI,GB,ret3m,0.03985008933279324
2023-12-31,XLI,GB,ret6m,0.10296024076520095
2023-12-31,XLI,GB,ret12m,0.12680942229022507
2023-12-31,XLI,GB,vol3m,0.07917202974229966
2023-12-31,XLI,GB,vol6m,0.06002715189904403
2023-12-31,XLI,GB,vol12m,0.05967336555267714
2023-12-31,XLI,GB,mkt_ret1m,0.08307775805772843
2023-12-31,XLI,GB,mkt_ret3m,0.17348582659842585
2023-12-31,XLI,GB,mkt_vol6m,0.030585325037030434
2023-12-31,XLI,GB,rel_strength3m,0.029295932684755006
2023-12-31,XLI,GB,beta12m,0.07903045907084419
2023-12-31,XLI,GB,corr12m,0.05211505790923234
2023-12-31,XLI,GB,drawdown6m,0.01567245994499255
2024-12-31,XLI,RF,ret1m,0.1258354702579163
2024-12-31,XLI,RF,ret3m,0.0848878626722679
2024-12-31,XLI,RF,ret6m,0.1027775164018217
2024-12-31,XLI,RF,ret12m,0.1290734567982149
2024-12-31,XLI,RF,vol3m,0.027006953903608903
2024-12-31,XLI,RF,vol6m,0.057981431052883406
2024-12-31,XLI,RF,vol12m,0.0579946500228962
2024-12-31,XLI,RF,mkt_ret1m,0.06339634179207138
2024-12-31,XLI,RF,mkt_ret3m,0.1596501925363332
2024-12-31,XLI,RF,mkt_vol6m,0.017246031457012867
2024-12-31,XLI,RF,rel_strength3m,0.057009827348434496
2024-12-31,XLI,RF,beta12m,0.04280061823509058
2024-12-31,XLI,RF,corr12m,0.048879621271463024
2024-12-31,XLI,RF,drawdown6m,0.025460026249985095
2024-12-31,XLI,GB,ret1m,0.09746913650692751
2024-12-31,XLI,GB,ret3m,0.07135924942166913
2024-12-31,XLI,GB,ret6m,0.06005996193831907
2024-12-31,XLI,GB,ret12m,0.10465751105094079
2024-12-31,XLI,GB,vol3m,0.06881402119583664
2024-12-31,XLI,GB,vol6m,0.07341262873344152
2024-12-31,XLI,GB,vol12m,0.06546618944463098
2024-12-31,XLI,GB,mkt_ret1m,0.07080318558648128
2024-12-31,XLI,GB,mkt_ret3m,0.17817883376427404
2024-12-31,XLI,GB,mkt_vol6m,0.03949090722644222
2024-12-31,XLI,GB,rel_strength3m,0.033235630856836805
2024-12-31,XLI,GB,beta12m,0.04185001169581499
2024-12-31,XLI,GB,corr12m,0.07474785870963419
2024-12-31,XLI,GB,drawdown6m,0.020454873868750778
2025-12-31,XLI,RF,ret1m,0.10066369696414648
2025-12-31,XLI,RF,ret3m,0.06374137551330793
2025-12-31,XLI,RF,ret6m,0.11657240280503742
2025-12-31,XLI,RF,ret12m,0.11414315397361186
2025-12-31,XLI,RF,vol3m,0.03126763523857504
2025-12-31,XLI,RF,vol6m,0.06225498704059638
2025-12-31,XLI,RF,vol12m,0.0549953628447871
2025-12-31,XLI,RF,mkt_ret1m,0.06155075768513116
2025-12-31,XLI,RF,mkt_ret3m,0.2171380119212578
2025-12-31,XLI,RF,mkt_vol6m,0.024605855611239614
2025-12-31,XLI,RF,rel_strength3m,0.05283844758072479
2025-12-31,XLI,RF,beta12m,0.040920714868308665
2025-12-31,XLI,RF,corr12m,0.03537454329984306
2025-12-31,XLI,RF,drawdown6m,0.02393305465343265
2025-12-31,XLI,GB,ret1m,0.09608564205379327
2025-12-31,XLI,GB,ret3m,0.08351465223997517
2025-12-31,XLI,GB,ret6m,0.07316691632609233
2025-12-31,XLI,GB,ret12m,0.07490287222944242
2025-12-31,XLI,GB,vol3m,0.07712112665451015
2025-12-31,XLI,GB,vol6m,0.07903625791271603
2025-12-31,XLI,GB,vol12m,0.0471381092115292
2025-12-31,XLI,GB,mkt_ret1m,0.053850142007549104
2025-12-31,XLI,GB,mkt_ret3m,0.21442556654574618
2025-12-31,XLI,GB,mkt_vol6m,0.06452502073807327
2025-12-31,XLI,GB,rel_strength3m,0.03839309523272395
2025-12-31,XLI,GB,beta12m,0.04158561493213919
2025-12-31,XLI,GB,corr12m,0.04550521118826503
2025-12-31,XLI,GB,drawdown6m,0.010749772727444692
2021-12-31,XLK,RF,ret1m,0.05802081318106872
2021-12-31,XLK,RF,ret3m,0.0852071685649104
2021-12-31,XLK,RF,ret6m,0.06967300220518959
2021-12-31,XLK,RF,ret12m,0.03989229596266159
2021-12-31,XLK,RF,vol3m,0.0612648451042743
2021-12-31,XLK,RF,vol6m,0.05625774124624722
2021-12-31,XLK,RF,vol12m,0.026875618305685633
2021-12-31,XLK,RF,mkt_ret1m,0.04078032057477374
2021-12-31,XLK,RF,mkt_ret3m,0.06666116739186552
2021-12-31,XLK,RF,mkt_vol6m,0.11757791203357991
2021-12-31,XLK,RF,rel_strength3m,0.2085356655512727
2021-12-31,XLK,RF,beta12m,0.02732075397746428
2021-12-31,XLK,RF,corr12m,0.05588090165985483
2021-12-31,XLK,RF,drawdown6m,0.08605179424115159
2021-12-31,XLK,GB,ret1m,0.026733600875531647
2021-12-31,XLK,GB,ret3m,0.08726468666537693
2021-12-31,XLK,GB,ret6m,0.05759625443064043
2021-12-31,XLK,GB,ret12m,0.07061534313251756
2021-12-31,XLK,GB,vol3m,0.036362626306012794
2021-12-31,XLK,GB,vol6m,0.05110787316845535
2021-12-31,XLK,GB,vol12m,0.036211100107591127
2021-12-31,XLK,GB,mkt_ret1m,0.031193829723371345
2021-12-31,XLK,GB,mkt_ret3m,0.0891173390619134
2021-12-31,XLK,GB,mkt_vol6m,0.10187552970616322
2021-12-31,XLK,GB,rel_strength3m,0.27486606655412105
2021-12-31,XLK,GB,beta12m,0.0313526072915256
2021-12-31,XLK,GB,corr12m,0.07389692664681762
2021-12-31,XLK,GB,drawdown6m,0.03180621632996198
2022-12-31,XLK,RF,ret1m,0.07151249280087156
2022-12-31,XLK,RF,ret3m,0.09823849873479257
2022-12-31,XLK,RF,ret6m,0.06718223463621072
2022-12-31,XLK,RF,ret12m,0.03546442370247888
2022-12-31,XLK,RF,vol3m,0.03442604504001024
2022-12-31,XLK,RF,vol6m,0.04950962343224603
2022-12-31,XLK,RF,vol12m,0.02792770153724315
2022-12-31,XLK,RF,mkt_ret1m,0.05123398306306065
2022-12-31,XLK,RF,mkt_ret3m,0.17558404744076672
2022-12-31,XLK,RF,mkt_vol6m,0.10410103720638134
2022-12-31,XLK,RF,rel_strength3m,0.11125398411170165
2022-12-31,XLK,RF,beta12m,0.06756847316745003
2022-12-31,XLK,RF,corr12m,0.06110345896429819
2022-12-31,XLK,RF,drawdown6m,0.04489399616248819
2022-12-31,XLK,GB,ret1m,0.09474822445908662
2022-12-31,XLK,GB,ret3m,0.07862545046792646
2022-12-31,XLK,GB,ret6m,0.12305958184633445
2022-12-31,XLK,GB,ret12m,0.0162304423121168
2022-12-31,XLK,GB,vol3m,0.024200010171185005
2022-12-31,XLK,GB,vol6m,0.060959950556641995
2022-12-31,XLK,GB,vol12m,0.022776558451810154
2022-12-31,XLK,GB,mkt_ret1m,0.01605008892545226
2022-12-31,XLK,GB,mkt_ret3m,0.22462072334124597
2022-12-31,XLK,GB,mkt_vol6m,0.07068062876191411
2022-12-31,XLK,GB,rel_strength3m,0.18107948730353868
2022-12-31,XLK,GB,beta12m,0.02808796836832507
2022-12-31,XLK,GB,corr12m,0.050114271622256255
2022-12-31,XLK,GB,drawdown6m,0.008766613412166214
2023-12-31,XLK,RF,ret1m,0.08526139223949185
2023-12-31,XLK,RF,ret3m,0.08209865906969539
2023-12-31,XLK,RF,ret6m,0.09681259606685526
2023-12-31,XLK,RF,ret12m,0.034794389562025255
2023-12-31,XLK,RF,vol3m,0.05125302247047496
2023-12-31,XLK,RF,vol6m,0.08158202307468435
2023-12-31,XLK,RF,vol12m,0.03386026856450071
2023-12-31,XLK,RF,mkt_ret1m,0.0463500857792784
2023-12-31,XLK,RF,mkt_ret3m,0.25003942878910956
2023-12-31,XLK,RF,mkt_vol6m,0.07579115338041142
2023-12-31,XLK,RF,rel_strength3m,0.056287065098873344
2023-12-31,XLK,RF,beta12m,0.033191983544985
2023-12-31,XLK,RF,corr12m,0.051615959062529575
2023-12-31,XLK,RF,drawdown6m,0.02106197329708483
2023-12-31,XLK,GB,ret1m,0.09185673827637915
2023-12-31,XLK,GB,ret3m,0.0466525339196429
2023-12-31,XLK,GB,ret6m,0.10728530577776874
2023-12-31,XLK,GB,ret12m,0.026008152928326714
2023-12-31,XLK,GB,vol3m,0.039010428011734474
2023-12-31,XLK,GB,vol6m,0.10870170309705388
2023-12-31,XLK,GB,vol12m,0.0562857449362524
2023-12-31,XLK,GB,mkt_ret1m,0.04447676399477185
2023-12-31,XLK,GB,mkt_ret3m,0.25574583719204047
2023-12-31,XLK,GB,mkt_vol6m,0.07426799726590351
2023-12-31,XLK,GB,rel_strength3m,0.07535089026862009
2023-12-31,XLK,GB,beta12m,0.03334911891443169
2023-12-31,XLK,GB,corr12m,0.03177834177937783
2023-12-31,XLK,GB,drawdown6m,0.00923044363769623
2024-12-31,XLK,RF,ret1m,0.07689623039996542
2024-12-31,XLK,RF,ret3m,0.07926340502521785
2024-12-31,XLK,RF,ret6m,0.13143391027288145
2024-12-31,XLK,RF,ret12m,0.03175481546645689
2024-12-31,XLK,RF,vol3m,0.044067019873928095
2024-12-31,XLK,RF,vol6m,0.08079615355701456
2024-12-31,XLK,RF,vol12m,0.045280912726747315
2024-12-31,XLK,RF,mkt_ret1m,0.037419032859655824
2024-12-31,XLK,RF,mkt_ret3m,0.25168686532833084
2024-12-31,XLK,RF,mkt_vol6m,0.06141173997846587
2024-12-31,XLK,RF,rel_strength3m,0.05433516748062435
2024-12-31,XLK,RF,beta12m,0.024183321626108614
2024-12-31,XLK,RF,corr12m,0.05488032254837135
2024-12-31,XLK,RF,drawdown6m,0.026591102856231633
2024-12-31,XLK,GB,ret1m,0.09346018903787515
2024-12-31,XLK,GB,ret3m,0.07775594806120398
2024-12-31,XLK,GB,ret6m,0.148039015463795
2024-12-31,XLK,GB,ret12m,0.025786277647829106
2024-12-31,XLK,GB,vol3m,0.02008283474801479
2024-12-31,XLK,GB,vol6m,0.1143726435055115
2024-12-31,XLK,GB,vol12m,0.05743583924060249
2024-12-31,XLK,GB,mkt_ret1m,0.02245665404265843
2024-12-31,XLK,GB,mkt_ret3m,0.2152776812084816
2024-12-31,XLK,GB,mkt_vol6m,0.05159977233752332
2024-12-31,XLK,GB,rel_strength3m,0.10913739450204892
2024-12-31,XLK,GB,beta12m,0.0375698418271571
2024-12-31,XLK,GB,corr12m,0.02060062388841858
2024-12-31,XLK,GB,drawdown6m,0.006425284488879955
2025-12-31,XLK,RF,ret1m,0.04665578160392212
2025-12-31,XLK,RF,ret3m,0.05070374225792356
2025-12-31,XLK,RF,ret6m,0.11664753174641494
2025-12-31,XLK,RF,ret12m,0.0348576587580606
2025-12-31,XLK,RF,vol3m,0.07250268275628742
2025-12-31,XLK,RF,vol6m,0.08607284481038811
2025-12-31,XLK,RF,vol12m,0.044193240979692607
2025-12-31,XLK,RF,mkt_ret1m,0.0358329996743114
2025-12-31,XLK,RF,mkt_ret3m,0.3108255352295666
2025-12-31,XLK,RF,mkt_vol6m,0.05590474138284966
2025-12-31,XLK,RF,rel_strength3m,0.046600519144014384
2025-12-31,XLK,RF,beta12m,0.022148342403308673
2025-12-31,XLK,RF,corr12m,0.04665521825991515
2025-12-31,XLK,RF,drawdown6m,0.03039916099334493
2025-12-31,XLK,GB,ret1m,0.05850625704444237
2025-12-31,XLK,GB,ret3m,0.04454702834670885
2025-12-31,XLK,GB,ret6m,0.117687552818796
2025-12-31,XLK,GB,ret12m,0.03080278440488601
2025-12-31,XLK,GB,vol3m,0.06851219334955985
2025-12-31,XLK,GB,vol6m,0.09426743897029417
2025-12-31,XLK,GB,vol12m,0.05714026628603707
2025-12-31,XLK,GB,mkt_ret1m,0.029540889550159027
2025-12-31,XLK,GB,mkt_ret3m,0.2537697285328099
2025-12-31,XLK,GB,mkt_vol6m,0.07306698226070074
2025-12-31,XLK,GB,rel_strength3m,0.11449346236628655
2025-12-31,XLK,GB,beta12m,0.016297284171970117
2025-12-31,XLK,GB,corr12m,0.017731719881989665
2025-12-31,XLK,GB,drawdown6m,0.023636412015359733
2021-12-31,XLP,RF,ret1m,0.05585783465265538
2021-12-31,XLP,RF,ret3m,0.05150726199629567
2021-12-31,XLP,RF,ret6m,0.1456847113194087
2021-12-31,XLP,RF,ret12m,0.026548194001203375
2021-12-31,XLP,RF,vol3m,0.08416197779820324
2021-12-31,XLP,RF,vol6m,0.10329594338691257
2021-12-31,XLP,RF,vol12m,0.17327861884028148
2021-12-31,XLP,RF,mkt_ret1m,0.043247267980845515
2021-12-31,XLP,RF,mkt_ret3m,0.05616519489896776
2021-12-31,XLP,RF,mkt_vol6m,0.04261549244500299
2021-12-31,XLP,RF,rel_strength3m,0.11542351267324438
2021-12-31,XLP,RF,beta12m,0.035387877013526706
2021-12-31,XLP,RF,corr12m,0.025758253448684855
2021-12-31,XLP,RF,drawdown6m,0.041067859544767396
2021-12-31,XLP,GB,ret1m,0.05400030604795055
2021-12-31,XLP,GB,ret3m,0.0850785081459085
2021-12-31,XLP,GB,ret6m,0.13236027777184986
2021-12-31,XLP,GB,ret12m,0.028109024437381763
2021-12-31,XLP,GB,vol3m,0.06986672034330547
2021-12-31,XLP,GB,vol6m,0.10818830911194842
2021-12-31,XLP,GB,vol12m,0.18505344154311137
2021-12-31,XLP,GB,mkt_ret1m,0.05028686597550804
2021-12-31,XLP,GB,mkt_ret3m,0.05830424115069608
2021-12-31,XLP,GB,mkt_vol6m,0.028633351489394297
2021-12-31,XLP,GB,rel_strength3m,0.10633008854878291
2021-12-31,XLP,GB,beta12m,0.025135078127947227
2021-12-31,XLP,GB,corr12m,0.036357102598468215
2021-12-31,XLP,GB,drawdown6m,0.032296684707747124
2022-12-31,XLP,RF,ret1m,0.04303570363731869
2022-12-31,XLP,RF,ret3m,0.04209603936467714
2022-12-31,XLP,RF,ret6m,0.20393672364509205
2022-12-31,XLP,RF,ret12m,0.039670081246574666
2022-12-31,XLP,RF,vol3m,0.05214755282911477
2022-12-31,XLP,RF,vol6m,0.09748223790480581
2022-12-31,XLP,RF,vol12m,0.138522709625261
2022-12-31,XLP,RF,mkt_ret1m,0.0587283832161134
2022-12-31,XLP,RF,mkt_ret3m,0.05452734966293374
2022-12-31,XLP,RF,mkt_vol6m,0.05034922556721941
2022-12-31,XLP,RF,rel_strength3m,0.0683112957126137
2022-12-31,XLP,RF,beta12m,0.05638677736927911
2022-12-31,XLP,RF,corr12m,0.05474315441310611
2022-12-31,XLP,RF,drawdown6m,0.04006276580589046
2022-12-31,XLP,GB,ret1m,0.08592005264924647
2022-12-31,XLP,GB,ret3m,0.034025367548190216
2022-12-31,XLP,GB,ret6m,0.18943441823902132
2022-12-31,XLP,GB,ret12m,0.05062668984225094
2022-12-31,XLP,GB,vol3m,0.016880915404939464
2022-12-31,XLP,GB,vol6m,0.07155396990204493
2022-12-31,XLP,GB,vol12m,0.11015914473321757
2022-12-31,XLP,GB,mkt_ret1m,0.0588180641563108
2022-12-31,XLP,GB,mkt_ret3m,0.06460647366975411
2022-12-31,XLP,GB,mkt_vol6m,0.07289958302371263
2022-12-31,XLP,GB,rel_strength3m,0.0772840304793364
2022-12-31,XLP,GB,beta12m,0.0621541942297207
2022-12-31,XLP,GB,corr12m,0.09052522925196742
2022-12-31,XLP,GB,drawdown6m,0.015111866870287035
2023-12-31,XLP,RF,ret1m,0.03816838521092929
2023-12-31,XLP,RF,ret3m,0.04878973818179157
2023-12-31,XLP,RF,ret6m,0.2454700317909539
2023-12-31,XLP,RF,ret12m,0.041618845556401954
2023-12-31,XLP,RF,vol3m,0.04076345169861933
2023-12-31,XLP,RF,vol6m,0.09590438789312099
2023-12-31,XLP,RF,vol12m,0.12412004727308067
2023-12-31,XLP,RF,mkt_ret1m,0.058728216928003105
2023-12-31,XLP,RF,mkt_ret3m,0.056152950094112745
2023-12-31,XLP,RF,mkt_vol6m,0.05746817810320092
2023-12-31,XLP,RF,rel_strength3m,0.06014310427923955
2023-12-31,XLP,RF,beta12m,0.058112311771309065
2023-12-31,XLP,RF,corr12m,0.04525223858602083
2023-12-31,XLP,RF,drawdown6m,0.029308112633216258
2023-12-31,XLP,GB,ret1m,0.07168302599280424
2023-12-31,XLP,GB,ret3m,0.026710891328447568
2023-12-31,XLP,GB,ret6m,0.20622416939613364
2023-12-31,XLP,GB,ret12m,0.038005477899783154
2023-12-31,XLP,GB,vol3m,0.03143880050667183
2023-12-31,XLP,GB,vol6m,0.08741324894184975
2023-12-31,XLP,GB,vol12m,0.13052357975622775
2023-12-31,XLP,GB,mkt_ret1m,0.07608870143643462
2023-12-31,XLP,GB,mkt_ret3m,0.040882574968980394
2023-12-31,XLP,GB,mkt_vol6m,0.07810591143442186
2023-12-31,XLP,GB,rel_strength3m,0.07332947584801221
2023-12-31,XLP,GB,beta12m,0.054675178256067235
2023-12-31,XLP,GB,corr12m,0.07173868940448913
2023-12-31,XLP,GB,drawdown6m,0.013180274829676904
2024-12-31,XLP,RF,ret1m,0.04196237058871012
2024-12-31,XLP,RF,ret3m,0.06283712716698446
2024-12-31,XLP,RF,ret6m,0.21336281253919237
2024-12-31,XLP,RF,ret12m,0.042527532692630966
2024-12-31,XLP,RF,vol3m,0.04061688078309798
2024-12-31,XLP,RF,vol6m,0.06751800361687929
2024-12-31,XLP,RF,vol12m,0.16227459600322244
2024-12-31,XLP,RF,mkt_ret1m,0.058943574464218634
2024-12-31,XLP,RF,mkt_ret3m,0.04311628928089311
2024-12-31,XLP,RF,mkt_vol6m,0.049202114249503284
2024-12-31,XLP,RF,rel_strength3m,0.06515049370740009
2024-12-31,XLP,RF,beta12m,0.0728991219668992
2024-12-31,XLP,RF,corr12m,0.05556353747596392
2024-12-31,XLP,RF,drawdown6m,0.024025545464404302
2024-12-31,XLP,GB,ret1m,0.10132186702586578
2024-12-31,XLP,GB,ret3m,0.046833322387560744
2024-12-31,XLP,GB,ret6m,0.17760657212671238
2024-12-31,XLP,GB,ret12m,0.03470611513404906
2024-12-31,XLP,GB,vol3m,0.01973063058708109
2024-12-31,XLP,GB,vol6m,0.04878059616202889
2024-12-31,XLP,GB,vol12m,0.16911776715377272
2024-12-31,XLP,GB,mkt_ret1m,0.054430710693873584
2024-12-31,XLP,GB,mkt_ret3m,0.0196424278202521
2024-12-31,XLP,GB,mkt_vol6m,0.07817579260564882
2024-12-31,XLP,GB,rel_strength3m,0.05186896184945915
2024-12-31,XLP,GB,beta12m,0.11545943555842782
2024-12-31,XLP,GB,corr12m,0.07148368376062582
2024-12-31,XLP,GB,drawdown6m,0.01084211713464219
2025-12-31,XLP,RF,ret1m,0.04009768386151986
2025-12-31,XLP,RF,ret3m,0.053194735029561235
2025-12-31,XLP,RF,ret6m,0.21430674084241522
2025-12-31,XLP,RF,ret12m,0.03198011547471929
2025-12-31,XLP,RF,vol3m,0.04301571513209681
2025-12-31,XLP,RF,vol6m,0.05778472637662838
2025-12-31,XLP,RF,vol12m,0.20007548290511684
2025-12-31,XLP,RF,mkt_ret1m,0.05601343180376149
2025-12-31,XLP,RF,mkt_ret3m,0.04035158843973597
2025-12-31,XLP,RF,mkt_vol6m,0.04692672166463291
2025-12-31,XLP,RF,rel_strength3m,0.05509803016970523
2025-12-31,XLP,RF,beta12m,0.07154107892272873
2025-12-31,XLP,RF,corr12m,0.060035861064672666
2025-12-31,XLP,RF,drawdown6m,0.029578088312705517
2025-12-31,XLP,GB,ret1m,0.061547041645584145
2025-12-31,XLP,GB,ret3m,0.03524890500540319
2025-12-31,XLP,GB,ret6m,0.1781240600214858
2025-12-31,XLP,GB,ret12m,0.041287609378971524
2025-12-31,XLP,GB,vol3m,0.050659303320780336
2025-12-31,XLP,GB,vol6m,0.05740452906942798
2025-12-31,XLP,GB,vol12m,0.17439962787788663
2025-12-31,XLP,GB,mkt_ret1m,0.05842064060919033
2025-12-31,XLP,GB,mkt_ret3m,0.02407854790124564
2025-12-31,XLP,GB,mkt_vol6m,0.08161159422013499
2025-12-31,XLP,GB,rel_strength3m,0.05578833578547369
2025-12-31,XLP,GB,beta12m,0.09372747723178027
2025-12-31,XLP,GB,corr12m,0.07883747052000921
2025-12-31,XLP,GB,drawdown6m,0.008864857412626223
2021-12-31,XLU,RF,ret1m,0.0765445401367931
2021-12-31,XLU,RF,ret3m,0.0720911692132004
2021-12-31,XLU,RF,ret6m,0.1478883712174521
2021-12-31,XLU,RF,ret12m,0.12245579627431155
2021-12-31,XLU,RF,vol3m,0.07770866237930195
2021-12-31,XLU,RF,vol6m,0.03545892631963024
2021-12-31,XLU,RF,vol12m,0.03100562361223984
2021-12-31,XLU,RF,mkt_ret1m,0.06973916326872792
2021-12-31,XLU,RF,mkt_ret3m,0.09262288217426394
2021-12-31,XLU,RF,mkt_vol6m,0.06247287034834843
2021-12-31,XLU,RF,rel_strength3m,0.06199148552230631
2021-12-31,XLU,RF,beta12m,0.09840433667533725
2021-12-31,XLU,RF,corr12m,0.02612545820844297
2021-12-31,XLU,RF,drawdown6m,0.025490714649644013
2021-12-31,XLU,GB,ret1m,0.0849594383057535
2021-12-31,XLU,GB,ret3m,0.05492617270662045
2021-12-31,XLU,GB,ret6m,0.13094509080530883
2021-12-31,XLU,GB,ret12m,0.21373982109842524
2021-12-31,XLU,GB,vol3m,0.04623159047998703
2021-12-31,XLU,GB,vol6m,0.011944764078665687
2021-12-31,XLU,GB,vol12m,0.030739574612522365
2021-12-31,XLU,GB,mkt_ret1m,0.07561023367820704
2021-12-31,XLU,GB,mkt_ret3m,0.15733078610465756
2021-12-31,XLU,GB,mkt_vol6m,0.04109832712849929
2021-12-31,XLU,GB,rel_strength3m,0.04796811470230297
2021-12-31,XLU,GB,beta12m,0.06847417328818878
2021-12-31,XLU,GB,corr12m,0.023096246918950646
2021-12-31,XLU,GB,drawdown6m,0.012935666091910575
2022-12-31,XLU,RF,ret1m,0.07151284778248715
2022-12-31,XLU,RF,ret3m,0.0806171591788418
2022-12-31,XLU,RF,ret6m,0.2069063620929584
2022-12-31,XLU,RF,ret12m,0.07519064868270156
2022-12-31,XLU,RF,vol3m,0.06621887419228747
2022-12-31,XLU,RF,vol6m,0.046314279560155804
2022-12-31,XLU,RF,vol12m,0.037031897044063816
2022-12-31,XLU,RF,mkt_ret1m,0.08067840454664345
2022-12-31,XLU,RF,mkt_ret3m,0.08632057983160402
2022-12-31,XLU,RF,mkt_vol6m,0.050428844936566825
2022-12-31,XLU,RF,rel_strength3m,0.053623965257347146
2022-12-31,XLU,RF,beta12m,0.08980883990445922
2022-12-31,XLU,RF,corr12m,0.037260995427965043
2022-12-31,XLU,RF,drawdown6m,0.018086301561918358
2022-12-31,XLU,GB,ret1m,0.06895066860559607
2022-12-31,XLU,GB,ret3m,0.0349163736549667
2022-12-31,XLU,GB,ret6m,0.18615208488855606
2022-12-31,XLU,GB,ret12m,0.06762492848187603
2022-12-31,XLU,GB,vol3m,0.062423259860532584
2022-12-31,XLU,GB,vol6m,0.0610962731089793
2022-12-31,XLU,GB,vol12m,0.019305893527380644
2022-12-31,XLU,GB,mkt_ret1m,0.09327438016029616
2022-12-31,XLU,GB,mkt_ret3m,0.0904166326173984
2022-12-31,XLU,GB,mkt_vol6m,0.06583208467983828
2022-12-31,XLU,GB,rel_strength3m,0.07662022310955378
2022-12-31,XLU,GB,beta12m,0.11005235228331534
2022-12-31,XLU,GB,corr12m,0.028557739793408424
2022-12-31,XLU,GB,drawdown6m,0.034777105228302255
2023-12-31,XLU,RF,ret1m,0.0825049288273608
2023-12-31,XLU,RF,ret3m,0.11386540352617303
2023-12-31,XLU,RF,ret6m,0.17558856576289267
2023-12-31,XLU,RF,ret12m,0.06046560668630257
2023-12-31,XLU,RF,vol3m,0.0398577856986021
2023-12-31,XLU,RF,vol6m,0.04282920078359074
2023-12-31,XLU,RF,vol12m,0.036457094622848865
2023-12-31,XLU,RF,mkt_ret1m,0.07751139872154962
2023-12-31,XLU,RF,mkt_ret3m,0.11490936918824919
2023-12-31,XLU,RF,mkt_vol6m,0.04114591883493073
2023-12-31,XLU,RF,rel_strength3m,0.044112967366148996
2023-12-31,XLU,RF,beta12m,0.12492364229784493
2023-12-31,XLU,RF,corr12m,0.025847723389282023
2023-12-31,XLU,RF,drawdown6m,0.019980394294223824
2023-12-31,XLU,GB,ret1m,0.0846849005224602
2023-12-31,XLU,GB,ret3m,0.0971765597971431
2023-12-31,XLU,GB,ret6m,0.14557951656869214
2023-12-31,XLU,GB,ret12m,0.05457082497750284
2023-12-31,XLU,GB,vol3m,0.01751190388108626
2023-12-31,XLU,GB,vol6m,0.0529352957919596
2023-12-31,XLU,GB,vol12m,0.012594418675150003
2023-12-31,XLU,GB,mkt_ret1m,0.09843987530011068
2023-12-31,XLU,GB,mkt_ret3m,0.12706983469283248
2023-12-31,XLU,GB,mkt_vol6m,0.08421120489807431
2023-12-31,XLU,GB,rel_strength3m,0.06926845503205617
2023-12-31,XLU,GB,beta12m,0.1096170582498224
2023-12-31,XLU,GB,corr12m,0.035917044524551814
2023-12-31,XLU,GB,drawdown6m,0.010423107088558186
2024-12-31,XLU,RF,ret1m,0.11709232528649899
2024-12-31,XLU,RF,ret3m,0.11358159380313985
2024-12-31,XLU,RF,ret6m,0.09290997959001794
2024-12-31,XLU,RF,ret12m,0.0773605292037775
2024-12-31,XLU,RF,vol3m,0.05291014859564025
2024-12-31,XLU,RF,vol6m,0.048203031831754194
2024-12-31,XLU,RF,vol12m,0.06068067427678985
2024-12-31,XLU,RF,mkt_ret1m,0.07815409951475599
2024-12-31,XLU,RF,mkt_ret3m,0.09100945973887763
2024-12-31,XLU,RF,mkt_vol6m,0.04477017100434395
2024-12-31,XLU,RF,rel_strength3m,0.050019193085581254
2024-12-31,XLU,RF,beta12m,0.10225565305092446
2024-12-31,XLU,RF,corr12m,0.03919670539073262
2024-12-31,XLU,RF,drawdown6m,0.031856435627165475
2024-12-31,XLU,GB,ret1m,0.11344215479115387
2024-12-31,XLU,GB,ret3m,0.08037260983146448
2024-12-31,XLU,GB,ret6m,0.08922391293739536
2024-12-31,XLU,GB,ret12m,0.10000694513157735
2024-12-31,XLU,GB,vol3m,0.02814380279150886
2024-12-31,XLU,GB,vol6m,0.023355463330289518
2024-12-31,XLU,GB,vol12m,0.05122799527133651
2024-12-31,XLU,GB,mkt_ret1m,0.07089712187613523
2024-12-31,XLU,GB,mkt_ret3m,0.08506060617146019
2024-12-31,XLU,GB,mkt_vol6m,0.08439860031406837
2024-12-31,XLU,GB,rel_strength3m,0.08192849271565439
2024-12-31,XLU,GB,beta12m,0.11576848239906294
2024-12-31,XLU,GB,corr12m,0.04416436987363937
2024-12-31,XLU,GB,drawdown6m,0.03200944256525374
2025-12-31,XLU,RF,ret1m,0.1263432940424458
2025-12-31,XLU,RF,ret3m,0.10319559499621697
2025-12-31,XLU,RF,ret6m,0.11023081945879983
2025-12-31,XLU,RF,ret12m,0.060433055206266496
2025-12-31,XLU,RF,vol3m,0.05724545187612373
2025-12-31,XLU,RF,vol6m,0.048292306859895245
2025-12-31,XLU,RF,vol12m,0.05571665023618034
2025-12-31,XLU,RF,mkt_ret1m,0.07346305707430233
2025-12-31,XLU,RF,mkt_ret3m,0.07697499055799478
2025-12-31,XLU,RF,mkt_vol6m,0.054524240027174584
2025-12-31,XLU,RF,rel_strength3m,0.06755179105961073
2025-12-31,XLU,RF,beta12m,0.09049322825366629
2025-12-31,XLU,RF,corr12m,0.04343121548313202
2025-12-31,XLU,RF,drawdown6m,0.03210430486819073
2025-12-31,XLU,GB,ret1m,0.1070800717785341
2025-12-31,XLU,GB,ret3m,0.0681087559718496
2025-12-31,XLU,GB,ret6m,0.13756469070172792
2025-12-31,XLU,GB,ret12m,0.06509355033173045
2025-12-31,XLU,GB,vol3m,0.04648914692666713
2025-12-31,XLU,GB,vol6m,0.06679633285961624
2025-12-31,XLU,GB,vol12m,0.07250694857082822
2025-12-31,XLU,GB,mkt_ret1m,0.09531367134322516
2025-12-31,XLU,GB,mkt_ret3m,0.06764942760416187
2025-12-31,XLU,GB,mkt_vol6m,0.06613963185062414
2025-12-31,XLU,GB,rel_strength3m,0.065788639384503
2025-12-31,XLU,GB,beta12m,0.07910663719982923
2025-12-31,XLU,GB,corr12m,0.04870381998295617
2025-12-31,XLU,GB,drawdown6m,0.013658675493746542
2021-12-31,XLV,RF,ret1m,0.03607825305730298
2021-12-31,XLV,RF,ret3m,0.04125515333413627
2021-12-31,XLV,RF,ret6m,0.21852139601167095
2021-12-31,XLV,RF,ret12m,0.035661167934423706
2021-12-31,XLV,RF,vol3m,0.11430248084290613
2021-12-31,XLV,RF,vol6m,0.04087965124280927
2021-12-31,XLV,RF,vol12m,0.03719666159205019
2021-12-31,XLV,RF,mkt_ret1m,0.13337556119665692
2021-12-31,XLV,RF,mkt_ret3m,0.07519183107867045
2021-12-31,XLV,RF,mkt_vol6m,0.05459498339589335
2021-12-31,XLV,RF,rel_strength3m,0.05988679581221942
2021-12-31,XLV,RF,beta12m,0.06272546079417286
2021-12-31,XLV,RF,corr12m,0.069672258856382
2021-12-31,XLV,RF,drawdown6m,0.020658344850705283
2021-12-31,XLV,GB,ret1m,0.014683648638857866
2021-12-31,XLV,GB,ret3m,0.0714777119578342
2021-12-31,XLV,GB,ret6m,0.2180636072347372
2021-12-31,XLV,GB,ret12m,0.02560326978641105
2021-12-31,XLV,GB,vol3m,0.11011767613481747
2021-12-31,XLV,GB,vol6m,0.06083739371251085
2021-12-31,XLV,GB,vol12m,0.028434775078790386
2021-12-31,XLV,GB,mkt_ret1m,0.06063400552678112
2021-12-31,XLV,GB,mkt_ret3m,0.11265050609436353
2021-12-31,XLV,GB,mkt_vol6m,0.03342715052263578
2021-12-31,XLV,GB,rel_strength3m,0.06968192541225832
2021-12-31,XLV,GB,beta12m,0.06872610586626422
2021-12-31,XLV,GB,corr12m,0.07785918021667358
2021-12-31,XLV,GB,drawdown6m,0.04780304381706441
2022-12-31,XLV,RF,ret1m,0.06965651368794606
2022-12-31,XLV,RF,ret3m,0.06110681803324384
2022-12-31,XLV,RF,ret6m,0.1956541660647417
2022-12-31,XLV,RF,ret12m,0.04387003212304848
2022-12-31,XLV,RF,vol3m,0.09133391059990945
2022-12-31,XLV,RF,vol6m,0.038336444685692236
2022-12-31,XLV,RF,vol12m,0.034598521817125506
2022-12-31,XLV,RF,mkt_ret1m,0.1815221195528826
2022-12-31,XLV,RF,mkt_ret3m,0.04807451941718995
2022-12-31,XLV,RF,mkt_vol6m,0.0409397397468704
2022-12-31,XLV,RF,rel_strength3m,0.051298114676237024
2022-12-31,XLV,RF,beta12m,0.05284199701917564
2022-12-31,XLV,RF,corr12m,0.05905374438193395
2022-12-31,XLV,RF,drawdown6m,0.0317133581940032
2022-12-31,XLV,GB,ret1m,0.10047200187449944
2022-12-31,XLV,GB,ret3m,0.006943203726041513
2022-12-31,XLV,GB,ret6m,0.1835534337564829
2022-12-31,XLV,GB,ret12m,0.022997098500369864
2022-12-31,XLV,GB,vol3m,0.0905871099107835
2022-12-31,XLV,GB,vol6m,0.04592940752297311
2022-12-31,XLV,GB,vol12m,0.06047259142932713
2022-12-31,XLV,GB,mkt_ret1m,0.20858233194965295
2022-12-31,XLV,GB,mkt_ret3m,0.05708658813274142
2022-12-31,XLV,GB,mkt_vol6m,0.012647131070245022
2022-12-31,XLV,GB,rel_strength3m,0.05257387248677776
2022-12-31,XLV,GB,beta12m,0.03322840301542093
2022-12-31,XLV,GB,corr12m,0.054763046467413624
2022-12-31,XLV,GB,drawdown6m,0.07016378015727101
2023-12-31,XLV,RF,ret1m,0.06431105412252493
2023-12-31,XLV,RF,ret3m,0.07288827126638357
2023-12-31,XLV,RF,ret6m,0.1653325596372505
2023-12-31,XLV,RF,ret12m,0.039315697633847825
2023-12-31,XLV,RF,vol3m,0.1113526296954548
2023-12-31,XLV,RF,vol6m,0.04073800210777392
2023-12-31,XLV,RF,vol12m,0.036094135522976065
2023-12-31,XLV,RF,mkt_ret1m,0.17454155109837388
2023-12-31,XLV,RF,mkt_ret3m,0.06842318830225048
2023-12-31,XLV,RF,mkt_vol6m,0.03826779109012702
2023-12-31,XLV,RF,rel_strength3m,0.050581362243763354
2023-12-31,XLV,RF,beta12m,0.0461180786311864
2023-12-31,XLV,RF,corr12m,0.05980551722451184
2023-12-31,XLV,RF,drawdown6m,0.0322301614235754
2023-12-31,XLV,GB,ret1m,0.10415543869871206
2023-12-31,XLV,GB,ret3m,0.05218266245992739
2023-12-31,XLV,GB,ret6m,0.18280179331376098
2023-12-31,XLV,GB,ret12m,0.018596554063716454
2023-12-31,XLV,GB,vol3m,0.1274957262665322
2023-12-31,XLV,GB,vol6m,0.06754470072389199
2023-12-31,XLV,GB,vol12m,0.04950249149805951
2023-12-31,XLV,GB,mkt_ret1m,0.15569388875394535
2023-12-31,XLV,GB,mkt_ret3m,0.03653566808339068
2023-12-31,XLV,GB,mkt_vol6m,0.027421075307830445
2023-12-31,XLV,GB,rel_strength3m,0.04826828991942082
2023-12-31,XLV,GB,beta12m,0.030954173074782883
2023-12-31,XLV,GB,corr12m,0.04915151634489206
2023-12-31,XLV,GB,drawdown6m,0.0496960214911374
2024-12-31,XLV,RF,ret1m,0.056145378484758326
2024-12-31,XLV,RF,ret3m,0.07706236488536862
2024-12-31,XLV,RF,ret6m,0.1804756107497142
2024-12-31,XLV,RF,ret12m,0.050858620265748444
2024-12-31,XLV,RF,vol3m,0.0961961968039513
2024-12-31,XLV,RF,vol6m,0.044119435512668684
2024-12-31,XLV,RF,vol12m,0.040208194923710895
2024-12-31,XLV,RF,mkt_ret1m,0.16075877601884236
2024-12-31,XLV,RF,mkt_ret3m,0.06063187445650199
2024-12-31,XLV,RF,mkt_vol6m,0.039252576719900706
2024-12-31,XLV,RF,rel_strength3m,0.07063670869436238
2024-12-31,XLV,RF,beta12m,0.03886373615353109
2024-12-31,XLV,RF,corr12m,0.05985764325526026
2024-12-31,XLV,RF,drawdown6m,0.0249328830756808
2024-12-31,XLV,GB,ret1m,0.0818426753888297
2024-12-31,XLV,GB,ret3m,0.023287967993934944
2024-12-31,XLV,GB,ret6m,0.17711695361412952
2024-12-31,XLV,GB,ret12m,0.06572029709602367
2024-12-31,XLV,GB,vol3m,0.10518663131437823
2024-12-31,XLV,GB,vol6m,0.06076331059847362
2024-12-31,XLV,GB,vol12m,0.033339352583371146
2024-12-31,XLV,GB,mkt_ret1m,0.1505675742343044
2024-12-31,XLV,GB,mkt_ret3m,0.046743155095581475
2024-12-31,XLV,GB,mkt_vol6m,0.021058760173293178
2024-12-31,XLV,GB,rel_strength3m,0.06904485111468879
2024-12-31,XLV,GB,beta12m,0.01985721089800323
2024-12-31,XLV,GB,corr12m,0.06634052269924749
2024-12-31,XLV,GB,drawdown6m,0.07913073719574028
2025-12-31,XLV,RF,ret1m,0.05854607325869024
2025-12-31,XLV,RF,ret3m,0.05608052541224958
2025-12-31,XLV,RF,ret6m,0.19579634385255254
2025-12-31,XLV,RF,ret12m,0.06367917471129626
2025-12-31,XLV,RF,vol3m,0.10125212585967669
2025-12-31,XLV,RF,vol6m,0.04231168227084074
2025-12-31,XLV,RF,vol12m,0.03325035591332279
2025-12-31,XLV,RF,mkt_ret1m,0.14936399441614287
2025-12-31,XLV,RF,mkt_ret3m,0.03869310865035172
2025-12-31,XLV,RF,mkt_vol6m,0.030685250239261205
2025-12-31,XLV,RF,rel_strength3m,0.06512559722402941
2025-12-31,XLV,RF,beta12m,0.03665600113978728
2025-12-31,XLV,RF,corr12m,0.09355551718040518
2025-12-31,XLV,RF,drawdown6m,0.03500424987139354
2025-12-31,XLV,GB,ret1m,0.09600756417890406
2025-12-31,XLV,GB,ret3m,0.014348366465619131
2025-12-31,XLV,GB,ret6m,0.1557703369170344
2025-12-31,XLV,GB,ret12m,0.053964397071117706
2025-12-31,XLV,GB,vol3m,0.11382755025176808
2025-12-31,XLV,GB,vol6m,0.057564381172739675
2025-12-31,XLV,GB,vol12m,0.04758217602515531
2025-12-31,XLV,GB,mkt_ret1m,0.14208707796634373
2025-12-31,XLV,GB,mkt_ret3m,0.04098382047834017
2025-12-31,XLV,GB,mkt_vol6m,0.00657159267765679
2025-12-31,XLV,GB,rel_strength3m,0.09165577241450418
2025-12-31,XLV,GB,beta12m,0.03009725072549873
2025-12-31,XLV,GB,corr12m,0.11282858432593058
2025-12-31,XLV,GB,drawdown6m,0.036711129329387374
2021-12-31,XLY,RF,ret1m,0.05378600513343491
2021-12-31,XLY,RF,ret3m,0.12191917464959987
2021-12-31,XLY,RF,ret6m,0.12707659499121968
2021-12-31,XLY,RF,ret12m,0.041929321076347344
2021-12-31,XLY,RF,vol3m,0.03463096513216846
2021-12-31,XLY,RF,vol6m,0.11625200196718395
2021-12-31,XLY,RF,vol12m,0.02803011322933632
2021-12-31,XLY,RF,mkt_ret1m,0.09086395908840973
2021-12-31,XLY,RF,mkt_ret3m,0.0938588188501306
2021-12-31,XLY,RF,mkt_vol6m,0.08200249568346052
2021-12-31,XLY,RF,rel_strength3m,0.015143243136035663
2021-12-31,XLY,RF,beta12m,0.10232611013010852
2021-12-31,XLY,RF,corr12m,0.05671498465823486
2021-12-31,XLY,RF,drawdown6m,0.03546621227432965
2021-12-31,XLY,GB,ret1m,0.018973410570201757
2021-12-31,XLY,GB,ret3m,0.07365515941226274
2021-12-31,XLY,GB,ret6m,0.12301888406752601
2021-12-31,XLY,GB,ret12m,0.09900282164767657
2021-12-31,XLY,GB,vol3m,0.029033339371412406
2021-12-31,XLY,GB,vol6m,0.09276587475850943
2021-12-31,XLY,GB,vol12m,0.04508096925204629
2021-12-31,XLY,GB,mkt_ret1m,0.10827798781051595
2021-12-31,XLY,GB,mkt_ret3m,0.11278592867703101
2021-12-31,XLY,GB,mkt_vol6m,0.10036876044110703
2021-12-31,XLY,GB,rel_strength3m,0.015355103414092791
2021-12-31,XLY,GB,beta12m,0.08668605306592632
2021-12-31,XLY,GB,corr12m,0.08192197386360184
2021-12-31,XLY,GB,drawdown6m,0.01307373364809004
2022-12-31,XLY,RF,ret1m,0.05005069843586179
2022-12-31,XLY,RF,ret3m,0.19975884949903283
2022-12-31,XLY,RF,ret6m,0.14023646873661036
2022-12-31,XLY,RF,ret12m,0.02238380436859426
2022-12-31,XLY,RF,vol3m,0.041381990450405665
2022-12-31,XLY,RF,vol6m,0.05581655770494578
2022-12-31,XLY,RF,vol12m,0.016988966054189213
2022-12-31,XLY,RF,mkt_ret1m,0.07828159319910616
2022-12-31,XLY,RF,mkt_ret3m,0.19164125670252047
2022-12-31,XLY,RF,mkt_vol6m,0.03728441492660961
2022-12-31,XLY,RF,rel_strength3m,0.023351522643667376
2022-12-31,XLY,RF,beta12m,0.09401491771587288
2022-12-31,XLY,RF,corr12m,0.03832468182054726
2022-12-31,XLY,RF,drawdown6m,0.010484277742036337
2022-12-31,XLY,GB,ret1m,0.02367603601727484
2022-12-31,XLY,GB,ret3m,0.22657686542136565
2022-12-31,XLY,GB,ret6m,0.1059376353792405
2022-12-31,XLY,GB,ret12m,0.02380822577786549
2022-12-31,XLY,GB,vol3m,0.10538707817743573
2022-12-31,XLY,GB,vol6m,0.07092097209592234
2022-12-31,XLY,GB,vol12m,0.02593962819424473
2022-12-31,XLY,GB,mkt_ret1m,0.028105532793539088
2022-12-31,XLY,GB,mkt_ret3m,0.17194548458268388
2022-12-31,XLY,GB,mkt_vol6m,0.05381240039927576
2022-12-31,XLY,GB,rel_strength3m,0.012468092556793918
2022-12-31,XLY,GB,beta12m,0.10280824586100605
2022-12-31,XLY,GB,corr12m,0.04383420548285105
2022-12-31,XLY,GB,drawdown6m,0.004779597260500934
2023-12-31,XLY,RF,ret1m,0.10952826536656872
2023-12-31,XLY,RF,ret3m,0.16492195284990183
2023-12-31,XLY,RF,ret6m,0.09440034727592284
2023-12-31,XLY,RF,ret12m,0.02989023885976323
2023-12-31,XLY,RF,vol3m,0.05666558015933159
2023-12-31,XLY,RF,vol6m,0.05621079026547591
2023-12-31,XLY,RF,vol12m,0.021027041062235227
2023-12-31,XLY,RF,mkt_ret1m,0.06144282458376139
2023-12-31,XLY,RF,mkt_ret3m,0.18208333346608416
2023-12-31,XLY,RF,mkt_vol6m,0.03268996407085432
2023-12-31,XLY,RF,rel_strength3m,0.0765120132629606
2023-12-31,XLY,RF,beta12m,0.06886580533404052
2023-12-31,XLY,RF,corr12m,0.02788423222835635
2023-12-31,XLY,RF,drawdown6m,0.01787761121474338
2023-12-31,XLY,GB,ret1m,0.027891821408032067
2023-12-31,XLY,GB,ret3m,0.12647446084972933
2023-12-31,XLY,GB,ret6m,0.10288291953112011
2023-12-31,XLY,GB,ret12m,0.044982754407525166
2023-12-31,XLY,GB,vol3m,0.057069457424927125
2023-12-31,XLY,GB,vol6m,0.09933053552242535
2023-12-31,XLY,GB,vol12m,0.029173295381236666
2023-12-31,XLY,GB,mkt_ret1m,0.06189663229288326
2023-12-31,XLY,GB,mkt_ret3m,0.24847632458783894
2023-12-31,XLY,GB,mkt_vol6m,0.02408047400284813
2023-12-31,XLY,GB,rel_strength3m,0.06082660554026453
2023-12-31,XLY,GB,beta12m,0.06840172393748697
2023-12-31,XLY,GB,corr12m,0.03808414905363178
2023-12-31,XLY,GB,drawdown6m,0.010428846060050602
2024-12-31,XLY,RF,ret1m,0.10377882128477331
2024-12-31,XLY,RF,ret3m,0.1735018870797567
2024-12-31,XLY,RF,ret6m,0.13187130356762392
2024-12-31,XLY,RF,ret12m,0.04225490497282646
2024-12-31,XLY,RF,vol3m,0.05023709189728255
2024-12-31,XLY,RF,vol6m,0.04649096016618696
2024-12-31,XLY,RF,vol12m,0.02431191612587229
2024-12-31,XLY,RF,mkt_ret1m,0.058270578560320606
2024-12-31,XLY,RF,mkt_ret3m,0.18361968597508177
2024-12-31,XLY,RF,mkt_vol6m,0.026354822513833136
2024-12-31,XLY,RF,rel_strength3m,0.06840144968918076
2024-12-31,XLY,RF,beta12m,0.04915875445613102
2024-12-31,XLY,RF,corr12m,0.022864325666272042
2024-12-31,XLY,RF,drawdown6m,0.01888349804485841
2024-12-31,XLY,GB,ret1m,0.03664665489218732
2024-12-31,XLY,GB,ret3m,0.1211456807761951
2024-12-31,XLY,GB,ret6m,0.10495504026290521
2024-12-31,XLY,GB,ret12m,0.03721316887449736
2024-12-31,XLY,GB,vol3m,0.0776361362977582
2024-12-31,XLY,GB,vol6m,0.07942232922930369
2024-12-31,XLY,GB,vol12m,0.023363381541202446
2024-12-31,XLY,GB,mkt_ret1m,0.062308713308069856
2024-12-31,XLY,GB,mkt_ret3m,0.25163644393932744
2024-12-31,XLY,GB,mkt_vol6m,0.025880912042354192
2024-12-31,XLY,GB,rel_strength3m,0.05802923077212121
2024-12-31,XLY,GB,beta12m,0.05339360127117418
2024-12-31,XLY,GB,corr12m,0.05497717244635335
2024-12-31,XLY,GB,drawdown6m,0.013391534346550526
2025-12-31,XLY,RF,ret1m,0.0915122810539658
2025-12-31,XLY,RF,ret3m,0.19418943396081406
2025-12-31,XLY,RF,ret6m,0.14714373572949657
2025-12-31,XLY,RF,ret12m,0.03520681879502036
2025-12-31,XLY,RF,vol3m,0.0727497255927917
2025-12-31,XLY,RF,vol6m,0.03874954569710672
2025-12-31,XLY,RF,vol12m,0.021500592185628296
2025-12-31,XLY,RF,mkt_ret1m,0.06269900411886885
2025-12-31,XLY,RF,mkt_ret3m,0.16657039739360507
2025-12-31,XLY,RF,mkt_vol6m,0.018251366595582713
2025-12-31,XLY,RF,rel_strength3m,0.06401683448218977
2025-12-31,XLY,RF,beta12m,0.040794721851514885
2025-12-31,XLY,RF,corr12m,0.029681516203030056
2025-12-31,XLY,RF,drawdown6m,0.01693402634038522
2025-12-31,XLY,GB,ret1m,0.027838680413910084
2025-12-31,XLY,GB,ret3m,0.17260514948742112
2025-12-31,XLY,GB,ret6m,0.13342029754537782
2025-12-31,XLY,GB,ret12m,0.0370752853151113
2025-12-31,XLY,GB,vol3m,0.07168016250172762
2025-12-31,XLY,GB,vol6m,0.09417261262445314
2025-12-31,XLY,GB,vol12m,0.038948625638706685
2025-12-31,XLY,GB,mkt_ret1m,0.05347680683679661
2025-12-31,XLY,GB,mkt_ret3m,0.20598370614507017
2025-12-31,XLY,GB,mkt_vol6m,0.015618968032921336
2025-12-31,XLY,GB,rel_strength3m,0.04083328493962325
2025-12-31,XLY,GB,beta12m,0.05021780458729703
2025-12-31,XLY,GB,corr12m,0.04718150001120185
2025-12-31,XLY,GB,drawdown6m,0.01094711592038202
