date,strategy,return
2021-02-28,EqualWeight,0.04052374894321017
2021-02-28,GB,0.0752974582551396
2021-02-28,HistMean,0.01651250691471621
2021-02-28,MomentumTop3,0.01651250691471621
2021-02-28,RF,-0.019885659917054155
2021-02-28,Ridge,-0.019885659917054155
2021-02-28,SPY,0.02780565662313661
2021-03-31,EqualWeight,0.060860853137746286
2021-03-31,GB,0.04435286208570958
2021-03-31,HistMean,0.046289726226366325
2021-03-31,MomentumTop3,0.04628972622636632
2021-03-31,RF,0.04435286208570958
2021-03-31,Ridge,0.030891650235709868
2021-03-31,SPY,0.04539921408774528
2021-04-30,EqualWeight,0.04188660797375126
2021-04-30,GB,0.03131766379410209
2021-04-30,HistMean,0.056747271776341014
2021-04-30,MomentumTop3,0.041696467001687276
2021-04-30,RF,0.04116979900623925
2021-04-30,Ridge,0.03747061492297613
2021-04-30,SPY,0.05291048388233688
2021-05-31,EqualWeight,0.017404612557628953
2021-05-31,GB,0.005008208648824675
2021-05-31,HistMean,0.0025106759270355043
2021-05-31,MomentumTop3,0.04327558382379962
2021-05-31,RF,0.005008208648824675
2021-05-31,Ridge,0.02426998149918739
2021-05-31,SPY,0.006566174651836398
2021-06-30,EqualWeight,0.003934693527928277
2021-06-30,GB,-0.029490207256258207
2021-06-30,HistMean,0.016933165385720202
2021-06-30,MomentumTop3,-0.035273715329406
2021-06-30,RF,-0.029490207256258207
2021-06-30,Ridge,-0.026957135722744753
2021-06-30,SPY,0.022427461773900204
2021-07-31,EqualWeight,0.01181393158861652
2021-07-31,GB,-0.008187503921816625
2021-07-31,HistMean,0.014923032089156645
2021-07-31,MomentumTop3,-0.026140576934044216
2021-07-31,RF,0.023803980097345967
2021-07-31,Ridge,0.02687016661781453
2021-07-31,SPY,0.02441231169825575
2021-08-31,EqualWeight,0.020836083386918645
2021-08-31,GB,0.026652928619395867
2021-08-31,HistMean,0.02412125468337511
2021-08-31,MomentumTop3,0.014186778168015427
2021-08-31,RF,0.025531730753548306
2021-08-31,Ridge,0.017375879255338084
2021-08-31,SPY,0.029759894168293943
2021-09-30,EqualWeight,-0.033234431154778185
2021-09-30,GB,-0.03932787762896091
2021-09-30,HistMean,-0.03274408834544614
2021-09-30,MomentumTop3,-0.00033207432427895256
2021-09-30,RF,-0.027074766107642884
2021-09-30,Ridge,-0.04579664042269049
2021-09-30,SPY,-0.04660545059373922
2021-10-31,EqualWeight,0.07292420185302768
2021-10-31,GB,0.08240725000972689
2021-10-31,HistMean,0.09181234689148643
2021-10-31,MomentumTop3,0.08133092982342371
2021-10-31,RF,0.08399846132918656
2021-10-31,Ridge,0.059649255245807734
2021-10-31,SPY,0.07016352185271613
2021-11-30,EqualWeight,-0.01650793824793552
2021-11-30,GB,-0.047614503152820044
2021-11-30,HistMean,0.0012466133370461555
2021-11-30,MomentumTop3,-0.020909862554757835
2021-11-30,RF,-0.03540126629661281
2021-11-30,Ridge,-0.018081981512642325
2021-11-30,SPY,-0.008034840829721168
2021-12-31,EqualWeight,0.05765484975763134
2021-12-31,GB,0.05321411970158037
2021-12-31,HistMean,0.0225378718261137
2021-12-31,MomentumTop3,0.03198337549181485
2021-12-31,RF,0.05321411970158037
2021-12-31,Ridge,0.02843580652622483
2021-12-31,SPY,0.04624803147670442
2022-01-31,EqualWeight,-0.02306345276763914
2022-01-31,GB,-0.03859236297862256
2022-01-31,HistMean,-0.07725311803260167
2022-01-31,MomentumTop3,0.03985403236773539
2022-01-31,RF,-0.07725311803260167
2022-01-31,Ridge,-0.05936717414550008
2022-01-31,SPY,-0.05274139332378991
2022-02-28,EqualWeight,-0.010721908672827098
2022-02-28,GB,0.01652825997040741
2022-02-28,HistMean,-0.034419703761255915
2022-02-28,MomentumTop3,0.0026975859514004608
2022-02-28,RF,0.01652825997040741
2022-02-28,Ridge,0.01652825997040741
2022-02-28,SPY,-0.029516992382245477
2022-03-31,EqualWeight,0.04933363682743037
2022-03-31,GB,0.05109153483802579
2022-03-31,HistMean,0.025472321112354424
2022-03-31,MomentumTop3,0.03663304215632479
2022-03-31,RF,0.06297945297531878
2022-03-31,Ridge,0.06297945297531878
2022-03-31,SPY,0.037590257003936145
2022-04-30,EqualWeight,-0.05848824142461842
2022-04-30,GB,-0.0317486390781971
2022-04-30,HistMean,-0.08837879411104457
2022-04-30,MomentumTop3,-0.056675399636636994
2022-04-30,RF,-0.05414817629611967
2022-04-30,Ridge,-0.04280045836172978
2022-04-30,SPY,-0.08776886348449386
2022-05-31,EqualWeight,0.017153257413869874
2022-05-31,GB,0.040301010747810964
2022-05-31,HistMean,-0.015433918064601591
2022-05-31,MomentumTop3,0.05419931103813014
2022-05-31,RF,0.04030101074781097
2022-05-31,Ridge,-0.01468913065967566
2022-05-31,SPY,0.002256970224321586
2022-06-30,EqualWeight,-0.08788625438362586
2022-06-30,GB,-0.08929238060345952
2022-06-30,HistMean,-0.1339515848326715
2022-06-30,MomentumTop3,-0.08192322731762024
2022-06-30,RF,-0.11092347389918499
2022-06-30,Ridge,-0.1339515848326715
2022-06-30,SPY,-0.08246034575025596
2022-07-31,EqualWeight,0.08476577880892133
2022-07-31,GB,0.06262647748281017
2022-07-31,HistMean,0.08930924842356756
2022-07-31,MomentumTop3,0.06103452154599161
2022-07-31,RF,0.05528288541452619
2022-07-31,Ridge,0.04199731876517454
2022-07-31,SPY,0.09208750889930539
2022-08-31,EqualWeight,-0.026026921132374814
2022-08-31,GB,-0.04513914916948151
2022-08-31,HistMean,-0.047298533536968695
2022-08-31,MomentumTop3,0.004423849127895951
2022-08-31,RF,-0.03632962439407964
2022-08-31,Ridge,-0.03701457517986535
2022-08-31,SPY,-0.040801991463419784
2022-09-30,EqualWeight,-0.08786070578086227
2022-09-30,GB,-0.08839218726678506
2022-09-30,HistMean,-0.09910748631055205
2022-09-30,MomentumTop3,-0.09657534605335619
2022-09-30,RF,-0.09215203059146693
2022-09-30,Ridge,-0.0665816952809339
2022-09-30,SPY,-0.09244573222191832
2022-10-31,EqualWeight,0.09891829024004234
2022-10-31,GB,0.07595799435297423
2022-10-31,HistMean,0.11242421384590467
2022-10-31,MomentumTop3,0.11970126467349146
2022-10-31,RF,0.1527135432690371
2022-10-31,Ridge,0.06824967314214536
2022-10-31,SPY,0.08127529984663506
2022-11-30,EqualWeight,0.05918473161395594
2022-11-30,GB,0.08790622996511557
2022-11-30,HistMean,0.048204891663228125
2022-11-30,MomentumTop3,0.047862179850671906
2022-11-30,RF,0.08226066303914713
2022-11-30,Ridge,0.06435693301203496
2022-11-30,SPY,0.05559158500696393
2022-12-31,EqualWeight,-0.04609208853827837
2022-12-31,GB,-0.046425450473829136
2022-12-31,HistMean,-0.055926635590360665
2022-12-31,MomentumTop3,-0.02090291454350775
2022-12-31,RF,-0.054735130233341235
2022-12-31,Ridge,-0.044889093598378116
2022-12-31,SPY,-0.05762826393128151
2023-01-31,EqualWeight,0.04650956585268535
2023-01-31,GB,0.018107417180335927
2023-01-31,HistMean,0.07014211934605563
2023-01-31,MomentumTop3,-0.0009138550686544527
2023-01-31,RF,0.062285663621922005
2023-01-31,Ridge,0.0447311172162698
2023-01-31,SPY,0.06288753547643822
2023-02-28,EqualWeight,-0.031139183102619514
2023-02-28,GB,-0.05059169121348638
2023-02-28,HistMean,-0.032860820533063675
2023-02-28,MomentumTop3,-0.037113841938360904
2023-02-28,RF,-0.030342624267874742
2023-02-28,Ridge,-0.03371735956270856
2023-02-28,SPY,-0.025142655042130646
2023-03-31,EqualWeight,0.017020851548826908
2023-03-31,GB,0.01843497128895858
2023-03-31,HistMean,0.03287419624965467
2023-03-31,MomentumTop3,-0.0012553389767458643
2023-03-31,RF,0.01843497128895858
2023-03-31,Ridge,0.015080284692544186
2023-03-31,SPY,0.037077856718739755
2023-04-30,EqualWeight,0.01345315461698144
2023-04-30,GB,0.006233348492409455
2023-04-30,HistMean,0.00840399464878816
2023-04-30,MomentumTop3,0.017548817806812018
2023-04-30,RF,0.013183072448874806
2023-04-30,Ridge,0.01464548508189393
2023-04-30,SPY,0.01597484529096338
2023-05-31,EqualWeight,-0.03238218522390527
2023-05-31,GB,-0.0013077334645564057
2023-05-31,HistMean,-0.026599080179820704
2023-05-31,MomentumTop3,-0.014214674588367813
2023-05-31,RF,-0.05060305241523651
2023-05-31,Ridge,-0.05816801980635428
2023-05-31,SPY,0.004616232939212983
2023-06-30,EqualWeight,0.06968515291162387
2023-06-30,GB,0.06698350261262769
2023-06-30,HistMean,0.08398778400391967
2023-06-30,MomentumTop3,0.09845534193768027
2023-06-30,RF,0.08757210174899077
2023-06-30,Ridge,0.06913092267455423
2023-06-30,SPY,0.06479978749241044
2023-07-31,EqualWeight,0.03277223994544179
2023-07-31,GB,0.03778160492650932
2023-07-31,HistMean,0.042235659130592275
2023-07-31,MomentumTop3,0.02595148316061594
2023-07-31,RF,0.0250320305938172
2023-07-31,Ridge,0.031422583532021944
2023-07-31,SPY,0.032733177560168025
2023-08-31,EqualWeight,-0.02261746907603395
2023-08-31,GB,-0.028096756951993946
2023-08-31,HistMean,-0.005353938115934468
2023-08-31,MomentumTop3,-0.00615171859203134
2023-08-31,RF,-0.016633421185376286
2023-08-31,Ridge,-0.02714797585018802
2023-08-31,SPY,-0.016252144206635566
2023-09-30,EqualWeight,-0.04090152338411041
2023-09-30,GB,-0.03340858436496844
2023-09-30,HistMean,-0.03202344470896382
2023-09-30,MomentumTop3,-0.03340858436496845
2023-09-30,RF,-0.0295136019313994
2023-09-30,Ridge,-0.0517137289617355
2023-09-30,SPY,-0.04743445218332765
2023-10-31,EqualWeight,-0.02573819017518581
2023-10-31,GB,-0.02540629012030171
2023-10-31,HistMean,-0.03740084196022501
2023-10-31,MomentumTop3,-0.028943124167137027
2023-10-31,RF,-0.034652739775127395
2023-10-31,Ridge,-0.037882408953980054
2023-10-31,SPY,-0.021708414552536914
2023-11-30,EqualWeight,0.07330486482785045
2023-11-30,GB,0.02948699032854233
2023-11-30,HistMean,0.06842727617755098
2023-11-30,MomentumTop3,0.108989850880014
2023-11-30,RF,0.02948699032854233
2023-11-30,Ridge,0.07539861640608395
2023-11-30,SPY,0.0913437161049
2023-12-31,EqualWeight,0.04014598510418938
2023-12-31,GB,0.040494044573391674
2023-12-31,HistMean,0.034640032836577385
2023-12-31,MomentumTop3,0.05793458010402334
2023-12-31,RF,0.02917715226584801
2023-12-31,Ridge,0.037401404715809994
2023-12-31,SPY,0.0456552810668267
2024-01-31,EqualWeight,-0.00310724170640031
2024-01-31,GB,-0.0008129238299165262
2024-01-31,HistMean,-0.008919620387778602
2024-01-31,MomentumTop3,-0.008919620387778602
2024-01-31,RF,-0.00030592091883333873
2024-01-31,Ridge,0.022900676676028166
2024-01-31,SPY,0.01592656463792297
2024-02-29,EqualWeight,0.04439663620834364
2024-02-29,GB,0.03626372831038223
2024-02-29,HistMean,0.053216392239182765
2024-02-29,MomentumTop3,0.06593707248556413
2024-02-29,RF,0.031124707639405447
2024-02-29,Ridge,0.031124707639405447
2024-02-29,SPY,0.05218669346627158
2024-03-31,EqualWeight,0.04354912798504776
2024-03-31,GB,0.021625825682944466
2024-03-31,HistMean,0.01715177790019536
2024-03-31,MomentumTop3,0.01715177790019536
2024-03-31,RF,0.02372855296647976
2024-03-31,Ridge,0.02657590153950965
2024-03-31,SPY,0.0327019903329453
2024-04-30,EqualWeight,-0.031073693279434864
2024-04-30,GB,-0.02359363812689515
2024-04-30,HistMean,-0.03409794442887907
2024-04-30,MomentumTop3,-0.04488404952024727
2024-04-30,RF,-0.039045339301206794
2024-04-30,Ridge,-0.039657122296425
2024-04-30,SPY,-0.04031953417292922
2024-05-31,EqualWeight,0.032015430420088066
2024-05-31,GB,0.027908025777496404
2024-05-31,HistMean,0.027908025777496404
2024-05-31,MomentumTop3,0.03962001401768722
2024-05-31,RF,0.03335614315308473
2024-05-31,Ridge,0.007528798845568342
2024-05-31,SPY,0.05057971760877722
2024-06-30,EqualWeight,0.0015726493739533437
2024-06-30,GB,0.027484061638683555
2024-06-30,HistMean,0.01810788147340477
2024-06-30,MomentumTop3,0.019882179780741506
2024-06-30,RF,0.027484061638683555
2024-06-30,Ridge,0.0182196387215597
2024-06-30,SPY,0.03528012855736318
2024-07-31,EqualWeight,0.03173395898805842
2024-07-31,GB,0.007228124920492813
2024-07-31,HistMean,0.012969367592311895
2024-07-31,MomentumTop3,0.017910736200071033
2024-07-31,RF,0.007228124920492813
2024-07-31,Ridge,0.03263231834113071
2024-07-31,SPY,0.012109031554593752
2024-08-31,EqualWeight,0.026661406351503183
2024-08-31,GB,0.018536807655950116
2024-08-31,HistMean,0.02695772835481576
2024-08-31,MomentumTop3,0.026957728354815764
2024-08-31,RF,0.018536807655950116
2024-08-31,Ridge,0.03615878271464268
2024-08-31,SPY,0.023365434996028167
2024-09-30,EqualWeight,0.020547958468317275
2024-09-30,GB,0.027643444268038997
2024-09-30,HistMean,0.018172296488597528
2024-09-30,MomentumTop3,0.028975385603285865
2024-09-30,RF,0.027643444268038997
2024-09-30,Ridge,0.030021801996698277
2024-09-30,SPY,0.02100475865224083
2024-10-31,EqualWeight,-0.014796423312692843
2024-10-31,GB,-0.012139530232688323
2024-10-31,HistMean,-0.0006277622706080122
2024-10-31,MomentumTop3,-0.00025532257387524473
2024-10-31,RF,-0.0264606964425567
2024-10-31,Ridge,-0.011304216612423795
2024-10-31,SPY,-0.008923673517209463
2024-11-30,EqualWeight,0.05940216837675121
2024-11-30,GB,0.04830773140997957
2024-11-30,HistMean,0.0773930179907903
2024-11-30,MomentumTop3,0.07275694259456984
2024-11-30,RF,0.044571959067641956
2024-11-30,Ridge,0.05637985834694703
2024-11-30,SPY,0.05963370312357963
2024-12-31,EqualWeight,-0.05792006078628701
2024-12-31,GB,-0.04390818594516699
2024-12-31,HistMean,-0.01567554686220729
2024-12-31,MomentumTop3,-0.071562362548243
2024-12-31,RF,-0.048801916123049696
2024-12-31,Ridge,-0.0834963658042919
2024-12-31,SPY,-0.024060208830796292
2025-01-31,EqualWeight,0.03578993094903474
2025-01-31,GB,0.04778316334104652
2025-01-31,HistMean,0.030824026175210812
2025-01-31,MomentumTop3,0.04292004270719969
2025-01-31,RF,0.02691012380557019
2025-01-31,Ridge,0.0506002288402696
2025-01-31,SPY,0.02685632474815458
2025-02-28,EqualWeight,0.00307144601717065
2025-02-28,GB,-0.003062584042991978
2025-02-28,HistMean,-0.02630035139847442
2025-02-28,MomentumTop3,-0.012939716831301018
2025-02-28,RF,0.014276786283203355
2025-02-28,Ridge,-0.025163176009607862
2025-02-28,SPY,-0.012694834127274901
2025-03-31,EqualWeight,-0.028949352942965672
2025-03-31,GB,-0.002527946311489263
2025-03-31,HistMean,-0.06932002052177558
2025-03-31,MomentumTop3,-0.04090196357465462
2025-03-31,RF,-0.011240951426829718
2025-03-31,Ridge,-0.03869867665327205
2025-03-31,SPY,-0.05571901171809257
2025-04-30,EqualWeight,-0.02247563151288164
2025-04-30,GB,-0.006433930261540562
2025-04-30,HistMean,-0.0010111710379673289
2025-04-30,MomentumTop3,-0.0071529894995206265
2025-04-30,RF,-0.05408359656392084
2025-04-30,Ridge,-0.053913510561278355
2025-04-30,SPY,-0.008670289302467826
2025-05-31,EqualWeight,0.03931699796544194
2025-05-31,GB,0.07017547331075336
2025-05-31,HistMean,0.07774961192892774
2025-05-31,MomentumTop3,0.05574805879258633
2025-05-31,RF,0.07395127118289742
2025-05-31,Ridge,0.04346706177584199
2025-05-31,SPY,0.06284497903783204
2025-06-30,EqualWeight,0.029372265088618416
2025-06-30,GB,0.02947500757477317
2025-06-30,HistMean,0.05524043866631537
2025-06-30,MomentumTop3,0.02863827178124323
2025-06-30,RF,0.030653176736612126
2025-06-30,Ridge,0.03565040201681498
2025-06-30,SPY,0.05138616104558413
2025-07-31,EqualWeight,0.012922974916770549
2025-07-31,GB,0.004533929756610341
2025-07-31,HistMean,0.022663806292088085
2025-07-31,MomentumTop3,0.026514179305730114
2025-07-31,RF,0.01390775039845001
2025-07-31,Ridge,0.028583209197037086
2025-07-31,SPY,0.023031541148865298
2025-08-31,EqualWeight,0.023907049728800867
2025-08-31,GB,0.025831614533953363
2025-08-31,HistMean,0.009943395628005539
2025-08-31,MomentumTop3,0.004690677029444404
2025-08-31,RF,0.025463750667297114
2025-08-31,Ridge,0.05069776995402897
2025-08-31,SPY,0.020519438455756323
2025-09-30,EqualWeight,0.015451333013687693
2025-09-30,GB,0.023150803890895078
2025-09-30,HistMean,0.03173168379557626
2025-09-30,MomentumTop3,0.03743758838780131
2025-09-30,RF,0.044621825306683384
2025-09-30,Ridge,0.017991098141751073
2025-09-30,SPY,0.035620412937162005
2025-10-31,EqualWeight,0.0021560644551733813
2025-10-31,GB,-0.02268563274280344
2025-10-31,HistMean,0.013378657541477488
2025-10-31,MomentumTop3,0.013378657541477487
2025-10-31,RF,-0.010947149970116254
2025-10-31,Ridge,-0.017767702033823496
2025-10-31,SPY,0.023837414102428234
2025-11-30,EqualWeight,0.018597860604657353
2025-11-30,GB,0.016281666340577743
2025-11-30,HistMean,-0.023796278145005213
2025-11-30,MomentumTop3,-0.023796278145005213
2025-11-30,RF,0.025337146026073544
2025-11-30,Ridge,0.028388196300740187
2025-11-30,SPY,0.0019499438514807288
2025-12-31,EqualWeight,0.007501068424081702
2025-12-31,GB,0.01695586964768488
2025-12-31,HistMean,0.025722528426481407
2025-12-31,MomentumTop3,-0.011848379436911933
2025-12-31,RF,0.010058160633027816
2025-12-31,Ridge,0.005464017043282772
2025-12-31,SPY,0.008267742385457577
